entry,book_heading,expanded_name,entry_kind,common_names_as_book,printed_page,pdf_page_matched,pdf_heading_score,pdf_verification,family_as_book,decision,proposed_accepted_name,accepted_key,automatic_match_type,automatic_confidence,automatic_note,existing_catalog_name,decision_note,clinical_review,image_review,full_database_duplicate_check,taxonomy_url,heading_context
1,"Tetracera macrophylla, Vall.",Tetracera macrophylla,SPECIES_HEADING,"Malakatmón, Tag.",17,23,1.0,OCR_NAME_MATCH_90_PERCENT_OR_BETTER,Dilleniaceæ.,CANDIDATE_ABSENT_PUBLIC_CATALOG,Tetracera macrophylla,55LBS,EXACT,99,,,"Exact species-level backbone name match, absent from public 38-record snapshot. Not cleared for insertion, clinical use, photograph or full database uniqueness.",NOT_COMPLETED,NOT_COMPLETED,NOT_COMPLETED,https://api.gbif.org/v2/species/match?scientificName=Tetracera+macrophylla&kingdom=Plantae&checklistKey=7ddf754f-d193-4cc9-b351-99906754a03b,"Tetracera macrophylla, Vall. (T. monocarpa, T. sarmentosa, Blanco.)"
2,"Illicium anisatum, L.",Illicium anisatum,SPECIES_HEADING,"Anis estrellado, Badiana, Sp.; Sag̃ki, Tag.; Star Anise, Eng.",18,24,0.875,VISUAL_CORROBORATION,Magnoliaceæ,HOLD_IDENTITY,Illicium anisatum,3PGLS,EXACT,99,,,Historical anisatum medicinal description must not be equated with edible star anise; identity and toxicity review required.,NOT_ASSESSED_FOR_ADDITION,NOT_ASSESSED_FOR_ADDITION,NOT_COMPLETED,https://api.gbif.org/v2/species/match?scientificName=Illicium+anisatum&kingdom=Plantae&checklistKey=7ddf754f-d193-4cc9-b351-99906754a03b,"Illicium anisatum, L."
3,"Michelia Champaca, L.",Michelia champaca,SPECIES_HEADING,"Tsampaka, Sampaka, Tag.; Champaca, Fil.-Span.",19,25,1.0,OCR_NAME_MATCH_90_PERCENT_OR_BETTER,Magnoliaceæ,CANDIDATE_ABSENT_PUBLIC_CATALOG,Magnolia champaca,3XH7J,EXACT,100,,,"Exact species-level backbone name match, absent from public 38-record snapshot. Not cleared for insertion, clinical use, photograph or full database uniqueness.",NOT_COMPLETED,NOT_COMPLETED,NOT_COMPLETED,https://api.gbif.org/v2/species/match?scientificName=Michelia+champaca&kingdom=Plantae&checklistKey=7ddf754f-d193-4cc9-b351-99906754a03b,"Michelia Champaca, L."
4,Artabotrys odoratissimus,Artabotrys odoratissimus,SPECIES_HEADING,"Ilag̃-ilag̃ de China, Sp.-Fil.; Alag̃-ilag̃ Son-son, Tag.",20,26,1.0,OCR_NAME_MATCH_90_PERCENT_OR_BETTER,Anonaceæ.,CANDIDATE_ABSENT_PUBLIC_CATALOG,Artabotrys hexapetalus,GVBP,EXACT,99,,,"Exact species-level backbone name match, absent from public 38-record snapshot. Not cleared for insertion, clinical use, photograph or full database uniqueness.",NOT_COMPLETED,NOT_COMPLETED,NOT_COMPLETED,https://api.gbif.org/v2/species/match?scientificName=Artabotrys+odoratissimus&kingdom=Plantae&checklistKey=7ddf754f-d193-4cc9-b351-99906754a03b,"Artabotrys odoratissimus, R. Br. (A. hamatus, Bl.; Uvaria Sinensis and Unona uncinata, Blanco.)"
5,Anona squamosa,Anona squamosa,SPECIES_HEADING,"Ates, Tag.; Custard Apple, Eng.",20,26,1.0,OCR_NAME_MATCH_90_PERCENT_OR_BETTER,Anonaceæ.,CANDIDATE_ABSENT_PUBLIC_CATALOG,Annona squamosa L.,674D7,VARIANT,86,,,"Book Anona squamosa L. / Ates, printed p.20; modern Annona squamosa L. verified on NParks species page. Explicit genus-spelling normalization; not an automatic fuzzy-match acceptance.",NOT_COMPLETED,NOT_COMPLETED,NOT_COMPLETED,https://api.gbif.org/v2/species/match?scientificName=Anona+squamosa&kingdom=Plantae&checklistKey=7ddf754f-d193-4cc9-b351-99906754a03b,"Anona squamosa, L. (A. tuberosa, Rumph.)"
6,"A. reticulate, L.",Anona reticulate,SPECIES_HEADING,"Anonas, Sp.-Fil.",21,27,0.9090909090909091,OCR_NAME_MATCH_90_PERCENT_OR_BETTER,Anonaceæ.,EXISTING_PUBLIC_HERB,Annona reticulata,5V4DN,HIGHERRANK,86,,Anonas,PDF and contents use reticulata; Gutenberg heading has reticulate. Catalog Anonas.,NOT_ASSESSED_FOR_ADDITION,NOT_ASSESSED_FOR_ADDITION,NOT_COMPLETED,https://api.gbif.org/v2/species/match?scientificName=Anona+reticulate&kingdom=Plantae&checklistKey=7ddf754f-d193-4cc9-b351-99906754a03b,"A. reticulate, L."
7,A. muricata,Anona muricata,SPECIES_HEADING,"Guanábano, Goyabano, Sp.-Fil.",22,28,1.0,OCR_NAME_MATCH_90_PERCENT_OR_BETTER,Anonaceæ.,HOLD_IDENTITY,Annona muricata,5V4C6,VARIANT,86,,,"No unambiguous exact species match; spelling, synonym, rank, homonym or network result needs manual resolution.",NOT_ASSESSED_FOR_ADDITION,NOT_ASSESSED_FOR_ADDITION,NOT_COMPLETED,https://api.gbif.org/v2/species/match?scientificName=Anona+muricata&kingdom=Plantae&checklistKey=7ddf754f-d193-4cc9-b351-99906754a03b,"A. muricata, L."
8,Tinospora crispa,Tinospora crispa,SPECIES_HEADING,"Makabuhay, Tag.",22,28,1.0,OCR_NAME_MATCH_90_PERCENT_OR_BETTER,Menispermaceæ.,EXISTING_PUBLIC_HERB,Tinospora crispa,573P7,EXACT,99,,Makabuhay,,NOT_ASSESSED_FOR_ADDITION,NOT_ASSESSED_FOR_ADDITION,NOT_COMPLETED,https://api.gbif.org/v2/species/match?scientificName=Tinospora+crispa&kingdom=Plantae&checklistKey=7ddf754f-d193-4cc9-b351-99906754a03b,"Tinospora crispa, Miers. (Menispermum crispum, L.; M. rimosum, Blanco; Cocculus crispus, DC.)"
9,Anamirta Cocculus,Anamirta cocculus,SPECIES_HEADING,"Laktag̃, Liktag̃, Suma, Lanta, Lintag̃ bagin, Tuba, Balasin, Bayati, Tag., Vis., Pam.",24,30,0.9375,OCR_NAME_MATCH_90_PERCENT_OR_BETTER,Menispermaceæ.,CANDIDATE_ABSENT_PUBLIC_CATALOG,Anamirta cocculus,66JJX,EXACT,100,,,"Exact species-level backbone name match, absent from public 38-record snapshot. Not cleared for insertion, clinical use, photograph or full database uniqueness.",NOT_COMPLETED,NOT_COMPLETED,NOT_COMPLETED,https://api.gbif.org/v2/species/match?scientificName=Anamirta+cocculus&kingdom=Plantae&checklistKey=7ddf754f-d193-4cc9-b351-99906754a03b,"Anamirta Cocculus, Wight & Arn. (Menispermum Cocculus, (L.) Blanco; M. lacunosum, Famk; Cocculus lacunosus, C. suberosus, DC.)"
10,Cissampelos Pareira,Cissampelos pareira,SPECIES_HEADING,"Sansawsansawan, Tag.; Chinchaochinchauan, Sp.-Fil.",26,32,1.0,OCR_NAME_MATCH_90_PERCENT_OR_BETTER,Menispermaceæ.,CANDIDATE_ABSENT_PUBLIC_CATALOG,Cissampelos pareira,VJYC,EXACT,100,,,"Exact species-level backbone name match, absent from public 38-record snapshot. Not cleared for insertion, clinical use, photograph or full database uniqueness.",NOT_COMPLETED,NOT_COMPLETED,NOT_COMPLETED,https://api.gbif.org/v2/species/match?scientificName=Cissampelos+pareira&kingdom=Plantae&checklistKey=7ddf754f-d193-4cc9-b351-99906754a03b,"Cissampelos Pareira, L."
11,Nymphæa Lotus,Nymphaea lotus,SPECIES_HEADING,"Lawas, Talaylo, Tunas, Gaway-gaway, Tag., Vis., Pam.; Water Lily, Eng.",27,33,0.9230769230769231,OCR_NAME_MATCH_90_PERCENT_OR_BETTER,Nymphæaceæ.,CANDIDATE_ABSENT_PUBLIC_CATALOG,Nymphaea lotus,486C9,EXACT,99,,,"Exact species-level backbone name match, absent from public 38-record snapshot. Not cleared for insertion, clinical use, photograph or full database uniqueness.",NOT_COMPLETED,NOT_COMPLETED,NOT_COMPLETED,https://api.gbif.org/v2/species/match?scientificName=Nymphaea+lotus&kingdom=Plantae&checklistKey=7ddf754f-d193-4cc9-b351-99906754a03b,"Nymphæa Lotus, L."
12,Nelumbium nucifera,Nelumbium nucifera,SPECIES_HEADING,"Bayno, Tag.; Sukaw, Iloc.; Sacred Lotus, Eng.",28,34,1.0,OCR_NAME_MATCH_90_PERCENT_OR_BETTER,Nymphæaceæ.,HOLD_IDENTITY,Nelumbo nucifera,465R5,VARIANT,97,,,"No unambiguous exact species match; spelling, synonym, rank, homonym or network result needs manual resolution.",NOT_ASSESSED_FOR_ADDITION,NOT_ASSESSED_FOR_ADDITION,NOT_COMPLETED,https://api.gbif.org/v2/species/match?scientificName=Nelumbium+nucifera&kingdom=Plantae&checklistKey=7ddf754f-d193-4cc9-b351-99906754a03b,"Nelumbium nucifera, Gaertn. (N. speciosum, Willd.; N. Asiaticum, Rich.; Cyamus Nelumbo, Sm.; C. mysticus, Salis.)"
13,Argemone Mexicana,Argemone mexicana,SPECIES_HEADING,"Kasubhag̃-āso, Iloc.",29,35,1.0,OCR_NAME_MATCH_90_PERCENT_OR_BETTER,Papaveraceæ.,CANDIDATE_ABSENT_PUBLIC_CATALOG,Argemone mexicana,GGC9,EXACT,100,,,"Exact species-level backbone name match, absent from public 38-record snapshot. Not cleared for insertion, clinical use, photograph or full database uniqueness.",NOT_COMPLETED,NOT_COMPLETED,NOT_COMPLETED,https://api.gbif.org/v2/species/match?scientificName=Argemone+mexicana&kingdom=Plantae&checklistKey=7ddf754f-d193-4cc9-b351-99906754a03b,"Argemone Mexicana, L."
14,Brassica juncea,Brassica juncea,SPECIES_HEADING,"Mostaza, Sp.; Mustard, Eng.",30,36,1.0,OCR_NAME_MATCH_90_PERCENT_OR_BETTER,Cruciferæ.,CANDIDATE_ABSENT_PUBLIC_CATALOG,Brassica juncea,N7ZK,EXACT,99,,,"Exact species-level backbone name match, absent from public 38-record snapshot. Not cleared for insertion, clinical use, photograph or full database uniqueness.",NOT_COMPLETED,NOT_COMPLETED,NOT_COMPLETED,https://api.gbif.org/v2/species/match?scientificName=Brassica+juncea&kingdom=Plantae&checklistKey=7ddf754f-d193-4cc9-b351-99906754a03b,"Brassica juncea, Hook. & Thom. (Sinapis juncea, L.)"
15,"Raphanus sativus, L.",Raphanus sativus,SPECIES_HEADING,"Rábano, Sp.; Radish, Eng.",30,36,1.0,OCR_NAME_MATCH_90_PERCENT_OR_BETTER,Cruciferæ.,CANDIDATE_ABSENT_PUBLIC_CATALOG,Raphanus sativus,4RJXT,EXACT,100,,,"Exact species-level backbone name match, absent from public 38-record snapshot. Not cleared for insertion, clinical use, photograph or full database uniqueness.",NOT_COMPLETED,NOT_COMPLETED,NOT_COMPLETED,https://api.gbif.org/v2/species/match?scientificName=Raphanus+sativus&kingdom=Plantae&checklistKey=7ddf754f-d193-4cc9-b351-99906754a03b,"Raphanus sativus, L."
16,Cleome viscosa,Cleome viscosa,SPECIES_HEADING,"Balabalanoyan, Apoyapoyan, Tag.; Wild Mustard, Eng.",31,37,0.9230769230769231,OCR_NAME_MATCH_90_PERCENT_OR_BETTER,Capparidaceæ.,CANDIDATE_ABSENT_PUBLIC_CATALOG,Arivela viscosa,GR2T,EXACT,100,,,"Exact species-level backbone name match, absent from public 38-record snapshot. Not cleared for insertion, clinical use, photograph or full database uniqueness.",NOT_COMPLETED,NOT_COMPLETED,NOT_COMPLETED,https://api.gbif.org/v2/species/match?scientificName=Cleome+viscosa&kingdom=Plantae&checklistKey=7ddf754f-d193-4cc9-b351-99906754a03b,"Cleome viscosa, L. (C. icosandra, L.; Polanisia viscosa, DC.)"
17,Cratæva religiosa,Crataeva religiosa,SPECIES_HEADING,"Salig̃bobog, Tag.; Balay-namuk, Iloc.",32,38,0.9411764705882353,OCR_NAME_MATCH_90_PERCENT_OR_BETTER,Capparidaceæ.,HOLD_IDENTITY,Crateva religiosa,Z96M,VARIANT,86,,,"No unambiguous exact species match; spelling, synonym, rank, homonym or network result needs manual resolution.",NOT_ASSESSED_FOR_ADDITION,NOT_ASSESSED_FOR_ADDITION,NOT_COMPLETED,https://api.gbif.org/v2/species/match?scientificName=Crataeva+religiosa&kingdom=Plantae&checklistKey=7ddf754f-d193-4cc9-b351-99906754a03b,"Cratæva religiosa, Forst."
18,Bixa Orellana,Bixa orellana,SPECIES_HEADING,"Atsuiti, Achuiti, Tag.; Achiote, Achuete, Sp.-Fil.; Annatto, Eng.",32,38,1.0,OCR_NAME_MATCH_90_PERCENT_OR_BETTER,Bixineæ.,EXISTING_PUBLIC_HERB,Bixa orellana,LY5D,EXACT,100,,Atsuete,,NOT_ASSESSED_FOR_ADDITION,NOT_ASSESSED_FOR_ADDITION,NOT_COMPLETED,https://api.gbif.org/v2/species/match?scientificName=Bixa+orellana&kingdom=Plantae&checklistKey=7ddf754f-d193-4cc9-b351-99906754a03b,"Bixa Orellana, L."
19,Pangium edule,Pangium edule,SPECIES_HEADING,"Pangi, Tag.",33,39,1.0,OCR_NAME_MATCH_90_PERCENT_OR_BETTER,Bixineæ.,CANDIDATE_ABSENT_PUBLIC_CATALOG,Pangium edule,75L5D,EXACT,100,,,"Exact species-level backbone name match, absent from public 38-record snapshot. Not cleared for insertion, clinical use, photograph or full database uniqueness.",NOT_COMPLETED,NOT_COMPLETED,NOT_COMPLETED,https://api.gbif.org/v2/species/match?scientificName=Pangium+edule&kingdom=Plantae&checklistKey=7ddf754f-d193-4cc9-b351-99906754a03b,"Pangium edule, Reinw. (Hydonocarpus polyandra, Blanco.)"
20,Portulaca oleracea,Portulaca oleracea,SPECIES_HEADING,"Verdolagas, Sp.; Olasiman, Kolasiman, Tag.; Purslane, Eng.",34,40,1.0,OCR_NAME_MATCH_90_PERCENT_OR_BETTER,Portulacaceæ.,CANDIDATE_ABSENT_PUBLIC_CATALOG,Portulaca oleracea,4M2DF,EXACT,100,,,"Exact species-level backbone name match, absent from public 38-record snapshot. Not cleared for insertion, clinical use, photograph or full database uniqueness.",NOT_COMPLETED,NOT_COMPLETED,NOT_COMPLETED,https://api.gbif.org/v2/species/match?scientificName=Portulaca+oleracea&kingdom=Plantae&checklistKey=7ddf754f-d193-4cc9-b351-99906754a03b,"Portulaca oleracea, L."
21,Garcinia mangostana,Garcinia mangostana,SPECIES_HEADING,"Mangostán, Sp.; Mangosteen, Eng.",35,41,1.0,OCR_NAME_MATCH_90_PERCENT_OR_BETTER,Guttiferæ.,EXISTING_PUBLIC_HERB,Garcinia mangostana,3F9Z4,EXACT,100,,Mangosteen,,NOT_ASSESSED_FOR_ADDITION,NOT_ASSESSED_FOR_ADDITION,NOT_COMPLETED,https://api.gbif.org/v2/species/match?scientificName=Garcinia+mangostana&kingdom=Plantae&checklistKey=7ddf754f-d193-4cc9-b351-99906754a03b,"Garcinia mangostana, L."
22,Garcinia venulosa,Garcinia venulosa,SPECIES_HEADING,"Binukaw, Tag., applied to both trees, though the first is also called Gatasan pulá in Tagalo and Taklag̃-anak in Pampango.",36,42,1.0,OCR_NAME_MATCH_90_PERCENT_OR_BETTER,Guttiferæ.,CANDIDATE_ABSENT_PUBLIC_CATALOG,Garcinia venulosa,6K8S9,EXACT,100,,,"Exact species-level backbone name match, absent from public 38-record snapshot. Not cleared for insertion, clinical use, photograph or full database uniqueness.",NOT_COMPLETED,NOT_COMPLETED,NOT_COMPLETED,https://api.gbif.org/v2/species/match?scientificName=Garcinia+venulosa&kingdom=Plantae&checklistKey=7ddf754f-d193-4cc9-b351-99906754a03b,"1. Garcinia venulosa, Choisy. (Cambogia venulosa, Blanco.) 2. G. Cambogia, Desrouss. (Cambogia binucao, Blanco.)"
23,G. Cambogia,Garcinia cambogia,SPECIES_HEADING,"Binukaw, Tag., applied to both trees, though the first is also called Gatasan pulá in Tagalo and Taklag̃-anak in Pampango.",36,42,1.0,OCR_NAME_MATCH_90_PERCENT_OR_BETTER,Guttiferæ.,CANDIDATE_ABSENT_PUBLIC_CATALOG,Garcinia gummi-gutta,3F9W3,EXACT,99,,,"Exact species-level backbone name match, absent from public 38-record snapshot. Not cleared for insertion, clinical use, photograph or full database uniqueness.",NOT_COMPLETED,NOT_COMPLETED,NOT_COMPLETED,https://api.gbif.org/v2/species/match?scientificName=Garcinia+cambogia&kingdom=Plantae&checklistKey=7ddf754f-d193-4cc9-b351-99906754a03b,"1. Garcinia venulosa, Choisy. (Cambogia venulosa, Blanco.) 2. G. Cambogia, Desrouss. (Cambogia binucao, Blanco.)"
24,Garcinia morella,Garcinia morella,SPECIES_HEADING,"I do not know the name given by the Filipinos to this tree, which Vidal and Soler have seen in Montalván, Tiwi (Albay) and San Mateo (Province of Manila); but it is highly important in medicine as the true gamboge is obtained from it. Gamboge Tree, Eng.",36,42,1.0,OCR_NAME_MATCH_90_PERCENT_OR_BETTER,Guttiferæ.,CANDIDATE_ABSENT_PUBLIC_CATALOG,Garcinia morella,6K8PV,EXACT,100,,,"Exact species-level backbone name match, absent from public 38-record snapshot. Not cleared for insertion, clinical use, photograph or full database uniqueness.",NOT_COMPLETED,NOT_COMPLETED,NOT_COMPLETED,https://api.gbif.org/v2/species/match?scientificName=Garcinia+morella&kingdom=Plantae&checklistKey=7ddf754f-d193-4cc9-b351-99906754a03b,"Garcinia morella, Desr."
25,Ochrocarpus pentapetalous,Ochrocarpus pentapetalous,SPECIES_HEADING,"Namakpakan, Tagudin, Iloc. (?).",38,44,1.0,OCR_NAME_MATCH_90_PERCENT_OR_BETTER,Guttiferæ.,HOLD_IDENTITY,Calophyllum pentapetalum,PZKV,VARIANT,80,3 synonym homonyms,,"No unambiguous exact species match; spelling, synonym, rank, homonym or network result needs manual resolution.",NOT_ASSESSED_FOR_ADDITION,NOT_ASSESSED_FOR_ADDITION,NOT_COMPLETED,https://api.gbif.org/v2/species/match?scientificName=Ochrocarpus+pentapetalous&kingdom=Plantae&checklistKey=7ddf754f-d193-4cc9-b351-99906754a03b,"Ochrocarpus pentapetalous, Blanco. (Tovomita pentapetala, Blanco.)"
26,Calophyllum Inophyllum,Calophyllum inophyllum,SPECIES_HEADING,"Palo Maria, Sp.-Fil.; Bitanhol, Tamawian, Dankalan, Dinkalin, Tag.; Dankalan Bitaog, Vis., Pam., Bik.",38,44,1.0,OCR_NAME_MATCH_90_PERCENT_OR_BETTER,Guttiferæ.,CANDIDATE_ABSENT_PUBLIC_CATALOG,Calophyllum inophyllum,PZHG,EXACT,99,,,"Exact species-level backbone name match, absent from public 38-record snapshot. Not cleared for insertion, clinical use, photograph or full database uniqueness.",NOT_COMPLETED,NOT_COMPLETED,NOT_COMPLETED,https://api.gbif.org/v2/species/match?scientificName=Calophyllum+inophyllum&kingdom=Plantae&checklistKey=7ddf754f-d193-4cc9-b351-99906754a03b,"Calophyllum Inophyllum, L."
27,Mesua ferrea,Mesua ferrea,SPECIES_HEADING,"Malabukbuk (?), Tag.",39,45,1.0,OCR_NAME_MATCH_90_PERCENT_OR_BETTER,Guttiferæ.,CANDIDATE_ABSENT_PUBLIC_CATALOG,Mesua ferrea,428C2,EXACT,100,,,"Exact species-level backbone name match, absent from public 38-record snapshot. Not cleared for insertion, clinical use, photograph or full database uniqueness.",NOT_COMPLETED,NOT_COMPLETED,NOT_COMPLETED,https://api.gbif.org/v2/species/match?scientificName=Mesua+ferrea&kingdom=Plantae&checklistKey=7ddf754f-d193-4cc9-b351-99906754a03b,"Mesua ferrea, L. (Calophyllum apetalum, Blanco.)"
28,Dipterocarpus turbinatus,Dipterocarpus turbinatus,SPECIES_HEADING,"Mayapis, Tag.; Gurjun, Kanyin, Indo-Eng.",40,46,0.9565217391304348,OCR_NAME_MATCH_90_PERCENT_OR_BETTER,Dipterocarpeæ.,CANDIDATE_ABSENT_PUBLIC_CATALOG,Dipterocarpus turbinatus,36QXJ,EXACT,100,,,"Exact species-level backbone name match, absent from public 38-record snapshot. Not cleared for insertion, clinical use, photograph or full database uniqueness.",NOT_COMPLETED,NOT_COMPLETED,NOT_COMPLETED,https://api.gbif.org/v2/species/match?scientificName=Dipterocarpus+turbinatus&kingdom=Plantae&checklistKey=7ddf754f-d193-4cc9-b351-99906754a03b,"Dipterocarpus turbinatus, Gaertn. (D. Indicus, Bedd.; D. Mayapis, Blanco.)"
29,Sida carpinifolia,Sida carpinifolia,SPECIES_HEADING,"Wawalisan, Eskobag̃haba, Pamalis, Higot-balato, Mamalis, Tag., Vis., Pam. [43]",42,48,1.0,OCR_NAME_MATCH_90_PERCENT_OR_BETTER,Malvaceæ.,HOLD_IDENTITY,Sida planicaulis,4X8B9,EXACT,99,,,Historical Sida carpinifolia concept and botanical authorship require verification before using the automatic Sida planicaulis match.,NOT_ASSESSED_FOR_ADDITION,NOT_ASSESSED_FOR_ADDITION,NOT_COMPLETED,https://api.gbif.org/v2/species/match?scientificName=Sida+carpinifolia&kingdom=Plantae&checklistKey=7ddf754f-d193-4cc9-b351-99906754a03b,"Sida carpinifolia, L. (S. acuta, Burm.; S. stipulata, Cav.; S. frutescens, Blanco.)"
30,Abutilon Indicum,Abutilon indicum,SPECIES_HEADING,"Kuakuakohan, Gilig̃-gilig̃an, Tag.; Tabig̃, Malis, Dulupag, Pilis, Vis.; Malvas de Castilla, Sp.-Fil.",43,49,1.0,OCR_NAME_MATCH_90_PERCENT_OR_BETTER,Malvaceæ.,CANDIDATE_ABSENT_PUBLIC_CATALOG,Abutilon indicum,8N57,EXACT,100,,,"Exact species-level backbone name match, absent from public 38-record snapshot. Not cleared for insertion, clinical use, photograph or full database uniqueness.",NOT_COMPLETED,NOT_COMPLETED,NOT_COMPLETED,https://api.gbif.org/v2/species/match?scientificName=Abutilon+indicum&kingdom=Plantae&checklistKey=7ddf754f-d193-4cc9-b351-99906754a03b,"Abutilon Indicum, Don. (Sida Indica, L.)"
31,Urena sinuata,Urena sinuata,SPECIES_HEADING,"Kulutan, Kulutkulutan, Molopolo, Tag., Vis., Pam.",44,50,1.0,OCR_NAME_MATCH_90_PERCENT_OR_BETTER,Malvaceæ.,HOLD_IDENTITY,Urena L.,855F,HIGHERRANK,98,,,"No unambiguous exact species match; spelling, synonym, rank, homonym or network result needs manual resolution.",NOT_ASSESSED_FOR_ADDITION,NOT_ASSESSED_FOR_ADDITION,NOT_COMPLETED,https://api.gbif.org/v2/species/match?scientificName=Urena+sinuata&kingdom=Plantae&checklistKey=7ddf754f-d193-4cc9-b351-99906754a03b,"Urena sinuata, L. (U. morifolia and muricata, DC.; U. multifida, Blanco.)"
32,"Hibiscus Abelmoschus, L.",Hibiscus abelmoschus,SPECIES_HEADING,"Kastuli, Kastio, Kastiogan, Dalupan, Tag.; Marikum, Dukum, Marukum, Marapoto, Vis.;2 Marsh Mallow, Eng.",45,51,1.0,OCR_NAME_MATCH_90_PERCENT_OR_BETTER,Malvaceæ.,CANDIDATE_ABSENT_PUBLIC_CATALOG,Abelmoschus moschatus,8K24,EXACT,100,,,"Exact species-level backbone name match, absent from public 38-record snapshot. Not cleared for insertion, clinical use, photograph or full database uniqueness.",NOT_COMPLETED,NOT_COMPLETED,NOT_COMPLETED,https://api.gbif.org/v2/species/match?scientificName=Hibiscus+abelmoschus&kingdom=Plantae&checklistKey=7ddf754f-d193-4cc9-b351-99906754a03b,"Hibiscus Abelmoschus, L."
33,"Hibiscus tiliaceus, L.",Hibiscus tiliaceus,SPECIES_HEADING,"Balibago, Tag., Pam.; Malabago, Vis.",46,52,1.0,OCR_NAME_MATCH_90_PERCENT_OR_BETTER,Malvaceæ.,CANDIDATE_ABSENT_PUBLIC_CATALOG,Hibiscus tiliaceus,VLWHK,EXACT,99,,,"Exact species-level backbone name match, absent from public 38-record snapshot. Not cleared for insertion, clinical use, photograph or full database uniqueness.",NOT_COMPLETED,NOT_COMPLETED,NOT_COMPLETED,https://api.gbif.org/v2/species/match?scientificName=Hibiscus+tiliaceus&kingdom=Plantae&checklistKey=7ddf754f-d193-4cc9-b351-99906754a03b,"Hibiscus tiliaceus, L."
34,"Hibiscus Rosa-Sinensis, L.",Hibiscus rosa-sinensis,SPECIES_HEADING,"Takurag̃an, Arog̃anan, Kayag̃a, Tapulag̃a, Gumamila, Tag., Vis., Pam.; Rose of China, Eng.",46,52,1.0,OCR_NAME_MATCH_90_PERCENT_OR_BETTER,Malvaceæ.,EXISTING_PUBLIC_HERB,Hibiscus rosa-sinensis,6M78M,EXACT,100,,Gumamela,,NOT_ASSESSED_FOR_ADDITION,NOT_ASSESSED_FOR_ADDITION,NOT_COMPLETED,https://api.gbif.org/v2/species/match?scientificName=Hibiscus+rosa-sinensis&kingdom=Plantae&checklistKey=7ddf754f-d193-4cc9-b351-99906754a03b,"Hibiscus Rosa-Sinensis, L."
35,Thespesia populnea,Thespesia populnea,SPECIES_HEADING,"Babuy or Bobuy gubat, Tag.; Bulakan, Vis.",47,53,1.0,OCR_NAME_MATCH_90_PERCENT_OR_BETTER,Malvaceæ.,CANDIDATE_ABSENT_PUBLIC_CATALOG,Thespesia populnea,56FSM,EXACT,99,,,"Exact species-level backbone name match, absent from public 38-record snapshot. Not cleared for insertion, clinical use, photograph or full database uniqueness.",NOT_COMPLETED,NOT_COMPLETED,NOT_COMPLETED,https://api.gbif.org/v2/species/match?scientificName=Thespesia+populnea&kingdom=Plantae&checklistKey=7ddf754f-d193-4cc9-b351-99906754a03b,"Thespesia populnea, Corr."
36,Gossypium herbaceum,Gossypium herbaceum,SPECIES_HEADING,"Algodón, Sp.; Bulak, Tag.; Cotton, Eng.",48,54,1.0,OCR_NAME_MATCH_90_PERCENT_OR_BETTER,Malvaceæ.,CANDIDATE_ABSENT_PUBLIC_CATALOG,Gossypium herbaceum,3H4C4,EXACT,100,,,"Exact species-level backbone name match, absent from public 38-record snapshot. Not cleared for insertion, clinical use, photograph or full database uniqueness.",NOT_COMPLETED,NOT_COMPLETED,NOT_COMPLETED,https://api.gbif.org/v2/species/match?scientificName=Gossypium+herbaceum&kingdom=Plantae&checklistKey=7ddf754f-d193-4cc9-b351-99906754a03b,"Gossypium herbaceum, L. (G. Indicum, Lam.; G. Capas, Rumph.)"
37,Bombax malabaricum,Bombax malabaricum,SPECIES_HEADING,"Taglinaw, Bobuy gubat, Tag.; Talutu, Vis.",50,56,1.0,OCR_NAME_MATCH_90_PERCENT_OR_BETTER,Malvaceæ.,HOLD_IDENTITY,Bombax ceiba,MF6V,EXACT,99,2 synonym homonyms,,Automatic match warns of homonyms; resolve the book author/context before counting a new herb.,NOT_ASSESSED_FOR_ADDITION,NOT_ASSESSED_FOR_ADDITION,NOT_COMPLETED,https://api.gbif.org/v2/species/match?scientificName=Bombax+malabaricum&kingdom=Plantae&checklistKey=7ddf754f-d193-4cc9-b351-99906754a03b,"Bombax malabaricum, DC. (B. Ceiba, Blanco.)"
38,Eriodendron anfractuosum,Eriodendron anfractuosum,SPECIES_HEADING,"Boboy, Tag.; Doldol, Vis.; Bulak kastila, Pam.",50,56,1.0,OCR_NAME_MATCH_90_PERCENT_OR_BETTER,Malvaceæ.,CANDIDATE_ABSENT_PUBLIC_CATALOG,Ceiba pentandra,S2C6,EXACT,100,,,"Exact species-level backbone name match, absent from public 38-record snapshot. Not cleared for insertion, clinical use, photograph or full database uniqueness.",NOT_COMPLETED,NOT_COMPLETED,NOT_COMPLETED,https://api.gbif.org/v2/species/match?scientificName=Eriodendron+anfractuosum&kingdom=Plantae&checklistKey=7ddf754f-d193-4cc9-b351-99906754a03b,"Eriodendron anfractuosum, DC. (Bombax pentandrum, L.)"
39,Sterculia fœtida,Sterculia foetida,SPECIES_HEADING,"Kalumpag̃, Tag.; Bag̃ar, Iloc.",51,57,1.0,OCR_NAME_MATCH_90_PERCENT_OR_BETTER,Sterculiaceæ.,CANDIDATE_ABSENT_PUBLIC_CATALOG,Sterculia foetida,52DD9,EXACT,99,,,"Exact species-level backbone name match, absent from public 38-record snapshot. Not cleared for insertion, clinical use, photograph or full database uniqueness.",NOT_COMPLETED,NOT_COMPLETED,NOT_COMPLETED,https://api.gbif.org/v2/species/match?scientificName=Sterculia+foetida&kingdom=Plantae&checklistKey=7ddf754f-d193-4cc9-b351-99906754a03b,"Sterculia fœtida, L. (S. polyphilla, R. Br.; Clompanus major, Rumph.)"
40,Sterculia urens,Sterculia urens,SPECIES_HEADING,"Banilad, Tag.",52,58,1.0,OCR_NAME_MATCH_90_PERCENT_OR_BETTER,Sterculiaceæ.,CANDIDATE_ABSENT_PUBLIC_CATALOG,Sterculia urens,52DN2,EXACT,100,,,"Exact species-level backbone name match, absent from public 38-record snapshot. Not cleared for insertion, clinical use, photograph or full database uniqueness.",NOT_COMPLETED,NOT_COMPLETED,NOT_COMPLETED,https://api.gbif.org/v2/species/match?scientificName=Sterculia+urens&kingdom=Plantae&checklistKey=7ddf754f-d193-4cc9-b351-99906754a03b,"Sterculia urens, Roxb. (S. cordifolia, Blanco; Cavallium urens, Schott. & Endl.)"
41,Kleinhovia hospitata,Kleinhovia hospitata,SPECIES_HEADING,"Tanag, Tag., Vis.; Hamitanago, Vis.; Panampat, Pam.; Bitnog̃, Iloc.",53,59,1.0,OCR_NAME_MATCH_90_PERCENT_OR_BETTER,Sterculiaceæ.,HOLD_IDENTITY,Kleinhovia hospita,3R9BQ,VARIANT,94,,,"No unambiguous exact species match; spelling, synonym, rank, homonym or network result needs manual resolution.",NOT_ASSESSED_FOR_ADDITION,NOT_ASSESSED_FOR_ADDITION,NOT_COMPLETED,https://api.gbif.org/v2/species/match?scientificName=Kleinhovia+hospitata&kingdom=Plantae&checklistKey=7ddf754f-d193-4cc9-b351-99906754a03b,"Kleinhovia hospitata, L."
42,Helicteres Isora,Helicteres isora,SPECIES_HEADING,"(?); Indian Screw Tree, Eng.",54,60,0.9333333333333333,OCR_NAME_MATCH_90_PERCENT_OR_BETTER,Sterculiaceæ.,CANDIDATE_ABSENT_PUBLIC_CATALOG,Helicteres isora,3K9MW,EXACT,99,,,"Exact species-level backbone name match, absent from public 38-record snapshot. Not cleared for insertion, clinical use, photograph or full database uniqueness.",NOT_COMPLETED,NOT_COMPLETED,NOT_COMPLETED,https://api.gbif.org/v2/species/match?scientificName=Helicteres+isora&kingdom=Plantae&checklistKey=7ddf754f-d193-4cc9-b351-99906754a03b,"Helicteres Isora, L. (H. chrysocalyx, Miq.; H. Roxburghii, G. Don.)"
43,Abroma fastuosa,Abroma fastuosa,SPECIES_HEADING,"Anibog̃, Tag.; Anabo, Vis.; Perennial Indian Hemp, Eng.",55,61,1.0,OCR_NAME_MATCH_90_PERCENT_OR_BETTER,Sterculiaceæ.,CANDIDATE_ABSENT_PUBLIC_CATALOG,Abroma augustum,8M3N,EXACT,100,,,"Exact species-level backbone name match, absent from public 38-record snapshot. Not cleared for insertion, clinical use, photograph or full database uniqueness.",NOT_COMPLETED,NOT_COMPLETED,NOT_COMPLETED,https://api.gbif.org/v2/species/match?scientificName=Abroma+fastuosa&kingdom=Plantae&checklistKey=7ddf754f-d193-4cc9-b351-99906754a03b,"Abroma fastuosa, R. Br. (A. angulata, Lam.; A. communis, Blanco; A. augusta, L.)"
44,Theobroma Cacao,Theobroma cacao,SPECIES_HEADING,Cacao.,55,61,1.0,OCR_NAME_MATCH_90_PERCENT_OR_BETTER,Sterculiaceæ.,CANDIDATE_ABSENT_PUBLIC_CATALOG,Theobroma cacao,56BND,EXACT,100,,,"Exact species-level backbone name match, absent from public 38-record snapshot. Not cleared for insertion, clinical use, photograph or full database uniqueness.",NOT_COMPLETED,NOT_COMPLETED,NOT_COMPLETED,https://api.gbif.org/v2/species/match?scientificName=Theobroma+cacao&kingdom=Plantae&checklistKey=7ddf754f-d193-4cc9-b351-99906754a03b,"Theobroma Cacao, L."
45,Oxalis corniculata,Oxalis corniculata,SPECIES_HEADING,"Taig̃an dogá, Susokayoli, Tag.; Darasig, Vis.; Malabalugbug dagis, Ayo, Kongi, Yayo, Pam.; Indian Sorrel, Eng.",58,64,1.0,OCR_NAME_MATCH_90_PERCENT_OR_BETTER,Geraniaceæ.,CANDIDATE_ABSENT_PUBLIC_CATALOG,Oxalis corniculata,75F72,EXACT,99,,,"Exact species-level backbone name match, absent from public 38-record snapshot. Not cleared for insertion, clinical use, photograph or full database uniqueness.",NOT_COMPLETED,NOT_COMPLETED,NOT_COMPLETED,https://api.gbif.org/v2/species/match?scientificName=Oxalis+corniculata&kingdom=Plantae&checklistKey=7ddf754f-d193-4cc9-b351-99906754a03b,"Oxalis corniculata, L. (O. Acetosella, Blanco.)"
46,Biophytum sensitivum,Biophytum sensitivum,SPECIES_HEADING,"Makahiya, Damog̃hiya, Tag.; Mahihiin, Iloc.",59,65,1.0,OCR_NAME_MATCH_90_PERCENT_OR_BETTER,Geraniaceæ.,CANDIDATE_ABSENT_PUBLIC_CATALOG,Biophytum sensitivum,68KPN,EXACT,99,,,"Exact species-level backbone name match, absent from public 38-record snapshot. Not cleared for insertion, clinical use, photograph or full database uniqueness.",NOT_COMPLETED,NOT_COMPLETED,NOT_COMPLETED,https://api.gbif.org/v2/species/match?scientificName=Biophytum+sensitivum&kingdom=Plantae&checklistKey=7ddf754f-d193-4cc9-b351-99906754a03b,"Biophytum sensitivum, DC. (B. cumiagianum, Turez.; Oxalis sensitivum, Blanco.)"
47,Averrhoa Bilimbi,Averrhoa bilimbi,SPECIES_HEADING,"Kamias, Kalamias, Tag.; Kilingiwa, Vis.; Pias, Iloc.",60,66,1.0,OCR_NAME_MATCH_90_PERCENT_OR_BETTER,Geraniaceæ.,CANDIDATE_ABSENT_PUBLIC_CATALOG,Averrhoa bilimbi,K326,EXACT,100,,,"Exact species-level backbone name match, absent from public 38-record snapshot. Not cleared for insertion, clinical use, photograph or full database uniqueness.",NOT_COMPLETED,NOT_COMPLETED,NOT_COMPLETED,https://api.gbif.org/v2/species/match?scientificName=Averrhoa+bilimbi&kingdom=Plantae&checklistKey=7ddf754f-d193-4cc9-b351-99906754a03b,"Averrhoa Bilimbi, L."
48,Averrhoa Carambola,Averrhoa carambola,SPECIES_HEADING,"Bilimbin, Balimbin, Tag.",60,66,1.0,OCR_NAME_MATCH_90_PERCENT_OR_BETTER,Geraniaceæ.,CANDIDATE_ABSENT_PUBLIC_CATALOG,Averrhoa carambola,K327,EXACT,100,,,"Exact species-level backbone name match, absent from public 38-record snapshot. Not cleared for insertion, clinical use, photograph or full database uniqueness.",NOT_COMPLETED,NOT_COMPLETED,NOT_COMPLETED,https://api.gbif.org/v2/species/match?scientificName=Averrhoa+carambola&kingdom=Plantae&checklistKey=7ddf754f-d193-4cc9-b351-99906754a03b,"Averrhoa Carambola, L."
49,"Ruta graveolens, L.",Ruta graveolens,SPECIES_HEADING,"Rudu, Sp.; Rue, Eng.",61,67,1.0,OCR_NAME_MATCH_90_PERCENT_OR_BETTER,Rutaceæ.,CANDIDATE_ABSENT_PUBLIC_CATALOG,Ruta graveolens,4TT2S,EXACT,100,,,"Exact species-level backbone name match, absent from public 38-record snapshot. Not cleared for insertion, clinical use, photograph or full database uniqueness.",NOT_COMPLETED,NOT_COMPLETED,NOT_COMPLETED,https://api.gbif.org/v2/species/match?scientificName=Ruta+graveolens&kingdom=Plantae&checklistKey=7ddf754f-d193-4cc9-b351-99906754a03b,"Ruta graveolens, L. (L. angustifolia, Pers.)"
50,Xanthoxylum oxyphyllum,Xanthoxylum oxyphyllum,SPECIES_HEADING,"Kayutana, Tag.; Salay, Saladay, Vis.",63,69,1.0,OCR_NAME_MATCH_90_PERCENT_OR_BETTER,Rutaceæ.,HOLD_IDENTITY,Zanthoxylum L.,6497N,HIGHERRANK,96,,,"No unambiguous exact species match; spelling, synonym, rank, homonym or network result needs manual resolution.",NOT_ASSESSED_FOR_ADDITION,NOT_ASSESSED_FOR_ADDITION,NOT_COMPLETED,https://api.gbif.org/v2/species/match?scientificName=Xanthoxylum+oxyphyllum&kingdom=Plantae&checklistKey=7ddf754f-d193-4cc9-b351-99906754a03b,"Xanthoxylum oxyphyllum, Edgew. (X. violaceum, Wall.; Fagara piperita, Blanco.)"
51,Murraya exotica,Murraya exotica,SPECIES_HEADING,"Kamunig̃, Tag.",64,70,1.0,OCR_NAME_MATCH_90_PERCENT_OR_BETTER,Rutaceæ.,HOLD_IDENTITY,Aurantioideae Eaton,J79,HIGHERRANK,98,,,"No unambiguous exact species match; spelling, synonym, rank, homonym or network result needs manual resolution.",NOT_ASSESSED_FOR_ADDITION,NOT_ASSESSED_FOR_ADDITION,NOT_COMPLETED,https://api.gbif.org/v2/species/match?scientificName=Murraya+exotica&kingdom=Plantae&checklistKey=7ddf754f-d193-4cc9-b351-99906754a03b,"Murraya exotica, L. (M. paniculata, Jack.; Connarus fœtens, and C. santaloides, Blanco.)"
52,Murraya Koenigi,Murraya koenigi,SPECIES_HEADING,(?),65,71,1.0,OCR_NAME_MATCH_90_PERCENT_OR_BETTER,Rutaceæ.,HOLD_IDENTITY,Murraya koenigii,44N6C,VARIANT,98,,,"No unambiguous exact species match; spelling, synonym, rank, homonym or network result needs manual resolution.",NOT_ASSESSED_FOR_ADDITION,NOT_ASSESSED_FOR_ADDITION,NOT_COMPLETED,https://api.gbif.org/v2/species/match?scientificName=Murraya+koenigi&kingdom=Plantae&checklistKey=7ddf754f-d193-4cc9-b351-99906754a03b,"Murraya Koenigi, Spreng. (Bergera Koenigi, L.; Connarus sp., Blanco.)"
53,Citrus acida,Citrus acida,SPECIES_HEADING,"Limón, Sp.; Dayap, Tag.; Lemon, Eng.",65,71,1.0,OCR_NAME_MATCH_90_PERCENT_OR_BETTER,Rutaceæ.,HOLD_IDENTITY,Citrus L.,3QB2,HIGHERRANK,98,,,"No unambiguous exact species match; spelling, synonym, rank, homonym or network result needs manual resolution.",NOT_ASSESSED_FOR_ADDITION,NOT_ASSESSED_FOR_ADDITION,NOT_COMPLETED,https://api.gbif.org/v2/species/match?scientificName=Citrus+acida&kingdom=Plantae&checklistKey=7ddf754f-d193-4cc9-b351-99906754a03b,"Citrus acida, F. (C. notissima, Blanco.)"
54,Citrus Bigaradia,Citrus bigaradia,SPECIES_HEADING,"Naranjas del país, Sp.; Kahel, Kahil, Tag.; Native Orange, Eng.",66,72,0.9333333333333333,OCR_NAME_MATCH_90_PERCENT_OR_BETTER,Rutaceæ.,CANDIDATE_ABSENT_PUBLIC_CATALOG,Citrus aurantium,VMN6,EXACT,100,,,"Exact species-level backbone name match, absent from public 38-record snapshot. Not cleared for insertion, clinical use, photograph or full database uniqueness.",NOT_COMPLETED,NOT_COMPLETED,NOT_COMPLETED,https://api.gbif.org/v2/species/match?scientificName=Citrus+bigaradia&kingdom=Plantae&checklistKey=7ddf754f-d193-4cc9-b351-99906754a03b,"Citrus Bigaradia, Hook. f. (C. vulgaris, Risso; C. aurantium, Blanco.)"
55,Citrus decumana,Citrus decumana,SPECIES_HEADING,"Suha, Lukban, Tag.; Toronjas Penins.; Naranjas, Sp.-Fil.",67,73,1.0,OCR_NAME_MATCH_90_PERCENT_OR_BETTER,Rutaceæ.,EXISTING_PUBLIC_HERB,Citrus maxima,9XK4L,EXACT,100,,Suha,,NOT_ASSESSED_FOR_ADDITION,NOT_ASSESSED_FOR_ADDITION,NOT_COMPLETED,https://api.gbif.org/v2/species/match?scientificName=Citrus+decumana&kingdom=Plantae&checklistKey=7ddf754f-d193-4cc9-b351-99906754a03b,"Citrus decumana, L."
56,Ægle decandra,Ægle decandra,SPECIES_HEADING,"Malakabuyaw, Tag.; Tabog, Pam., Tag. (A species of Bael-Fruit Tree.)",67,73,1.0,OCR_NAME_MATCH_90_PERCENT_OR_BETTER,Rutaceæ.,HOLD_IDENTITY,Aegle decandra,64X2S,EXACT,100,,,Aegle decandra Blanco is not an automatic identification of Aegle marmelos; preserve historical identity pending review.,NOT_ASSESSED_FOR_ADDITION,NOT_ASSESSED_FOR_ADDITION,NOT_COMPLETED,https://api.gbif.org/v2/species/match?scientificName=%C3%86gle+decandra&kingdom=Plantae&checklistKey=7ddf754f-d193-4cc9-b351-99906754a03b,"Ægle decandra, Naves. (Feronia ternata, Blanco.)"
57,Feronia elephantum,Feronia elephantum,SPECIES_HEADING,"Panoan, Pamunoan, Vis.; Wood-apple, Eng.",69,75,1.0,OCR_NAME_MATCH_90_PERCENT_OR_BETTER,Rutaceæ.,CANDIDATE_ABSENT_PUBLIC_CATALOG,Limonia acidissima,72CQ7,EXACT,100,,,"Exact species-level backbone name match, absent from public 38-record snapshot. Not cleared for insertion, clinical use, photograph or full database uniqueness.",NOT_COMPLETED,NOT_COMPLETED,NOT_COMPLETED,https://api.gbif.org/v2/species/match?scientificName=Feronia+elephantum&kingdom=Plantae&checklistKey=7ddf754f-d193-4cc9-b351-99906754a03b,"Feronia elephantum, Correa. (Murraya adorata, Blanco.)"
58,Samadera Indica,Samadera indica,SPECIES_HEADING,"Manungal, Tag., Pam., Bicol.; Manunagl, Linatoganak, Palagarium, Daraput, Vis.",71,77,1.0,OCR_NAME_MATCH_90_PERCENT_OR_BETTER,Simarubaceæ.,CANDIDATE_ABSENT_PUBLIC_CATALOG,Samadera indica,7WRV3,EXACT,100,,,"Exact species-level backbone name match, absent from public 38-record snapshot. Not cleared for insertion, clinical use, photograph or full database uniqueness.",NOT_COMPLETED,NOT_COMPLETED,NOT_COMPLETED,https://api.gbif.org/v2/species/match?scientificName=Samadera+indica&kingdom=Plantae&checklistKey=7ddf754f-d193-4cc9-b351-99906754a03b,"Samadera Indica, Gaertn. (Niota tetrapela, DC. & Blanco; Manungala pendula, Blanco.)"
59,Garuga pinnata,Garuga pinnata,SPECIES_HEADING,"Bugo, Tag.",72,78,1.0,OCR_NAME_MATCH_90_PERCENT_OR_BETTER,Burseraceæ.,CANDIDATE_ABSENT_PUBLIC_CATALOG,Garuga pinnata,3FBV2,EXACT,100,,,"Exact species-level backbone name match, absent from public 38-record snapshot. Not cleared for insertion, clinical use, photograph or full database uniqueness.",NOT_COMPLETED,NOT_COMPLETED,NOT_COMPLETED,https://api.gbif.org/v2/species/match?scientificName=Garuga+pinnata&kingdom=Plantae&checklistKey=7ddf754f-d193-4cc9-b351-99906754a03b,"Garuga pinnata, Roxb. (G. Madagascarensis, DC.)"
60,Canarium commune,Canarium commune,SPECIES_HEADING,"Pili, Tag.; Java Almond Tree, East Indian Elemi, Eng.",73,79,1.0,OCR_NAME_MATCH_90_PERCENT_OR_BETTER,Burseraceæ.,HOLD_IDENTITY,Canarium L.,3GQD,HIGHERRANK,98,,,"No unambiguous exact species match; spelling, synonym, rank, homonym or network result needs manual resolution.",NOT_ASSESSED_FOR_ADDITION,NOT_ASSESSED_FOR_ADDITION,NOT_COMPLETED,https://api.gbif.org/v2/species/match?scientificName=Canarium+commune&kingdom=Plantae&checklistKey=7ddf754f-d193-4cc9-b351-99906754a03b,"Canarium commune, L. (C. album and C. Luzonicum, Blanco.)"
61,Melia Azedarach,Melia azedarach,SPECIES_HEADING,"Paraiso (Paradise), Sp.-Fil.; Pride of India, China Tree, Eng.",75,81,1.0,OCR_NAME_MATCH_90_PERCENT_OR_BETTER,Meliaceæ.,CANDIDATE_ABSENT_PUBLIC_CATALOG,Melia azedarach,3ZDZL,EXACT,100,,,"Exact species-level backbone name match, absent from public 38-record snapshot. Not cleared for insertion, clinical use, photograph or full database uniqueness.",NOT_COMPLETED,NOT_COMPLETED,NOT_COMPLETED,https://api.gbif.org/v2/species/match?scientificName=Melia+azedarach&kingdom=Plantae&checklistKey=7ddf754f-d193-4cc9-b351-99906754a03b,"Melia Azedarach, L."
62,Dysoxylum Blancoi,Dysoxylum blancoi,SPECIES_HEADING,"Igiw, Agiw, Taliatan, Tag.; Ananag̃tag̃, Bakugan, Makasili, Vis.; Malabag̃aw, Pam.; Basiloag, Iloc.",76,82,0.875,VISUAL_CORROBORATION,Meliaceæ.,CANDIDATE_ABSENT_PUBLIC_CATALOG,Didymocheton gaudichaudianus,8S5D8,EXACT,100,,,"Exact species-level backbone name match, absent from public 38-record snapshot. Not cleared for insertion, clinical use, photograph or full database uniqueness.",NOT_COMPLETED,NOT_COMPLETED,NOT_COMPLETED,https://api.gbif.org/v2/species/match?scientificName=Dysoxylum+blancoi&kingdom=Plantae&checklistKey=7ddf754f-d193-4cc9-b351-99906754a03b,"Dysoxylum Blancoi, Vidal. (D. salutare, F. Villar; Turroca virens, Blanco.)"
63,Sandoricum Indicum,Sandoricum indicum,SPECIES_HEADING,"Santol, Tag.",77,83,1.0,OCR_NAME_MATCH_90_PERCENT_OR_BETTER,Meliaceæ.,CANDIDATE_ABSENT_PUBLIC_CATALOG,Sandoricum koetjape,6XHL9,EXACT,100,,,"Exact species-level backbone name match, absent from public 38-record snapshot. Not cleared for insertion, clinical use, photograph or full database uniqueness.",NOT_COMPLETED,NOT_COMPLETED,NOT_COMPLETED,https://api.gbif.org/v2/species/match?scientificName=Sandoricum+indicum&kingdom=Plantae&checklistKey=7ddf754f-d193-4cc9-b351-99906754a03b,"Sandoricum Indicum, Cav."
64,Carapa Moluccensis,Carapa moluccensis,SPECIES_HEADING,"Tabigi, Nigi, Kalumpag̃ sa lati, Tag.; Migi, Pam.",78,84,1.0,OCR_NAME_MATCH_90_PERCENT_OR_BETTER,Meliaceæ.,CANDIDATE_ABSENT_PUBLIC_CATALOG,Xylocarpus moluccensis,5CKHD,EXACT,100,,,"Exact species-level backbone name match, absent from public 38-record snapshot. Not cleared for insertion, clinical use, photograph or full database uniqueness.",NOT_COMPLETED,NOT_COMPLETED,NOT_COMPLETED,https://api.gbif.org/v2/species/match?scientificName=Carapa+moluccensis&kingdom=Plantae&checklistKey=7ddf754f-d193-4cc9-b351-99906754a03b,"Carapa Moluccensis, Lam. (Xylocarpus granatum, Blanco.)"
65,Cedrela Toona,Cedrela toona,SPECIES_HEADING,"Kalantas, Tag., Pam.; Lanigpa, Vis.",79,85,0.9166666666666666,OCR_NAME_MATCH_90_PERCENT_OR_BETTER,Meliaceæ.,HOLD_IDENTITY,Toona ciliata,7CHJ4,EXACT,99,2 synonym homonyms,,Automatic match warns of homonyms; resolve the book author/context before counting a new herb.,NOT_ASSESSED_FOR_ADDITION,NOT_ASSESSED_FOR_ADDITION,NOT_COMPLETED,https://api.gbif.org/v2/species/match?scientificName=Cedrela+toona&kingdom=Plantae&checklistKey=7ddf754f-d193-4cc9-b351-99906754a03b,"Cedrela Toona, Roxb. (C. odorata, Blanco.)"
66,Celastrus paniculata,Celastrus paniculata,SPECIES_HEADING,"Bilogo, Tag.",80,86,0.9473684210526315,OCR_NAME_MATCH_90_PERCENT_OR_BETTER,Celastraceæ.,HOLD_IDENTITY,Celastrus paniculatus,S2YZ,VARIANT,98,,,"No unambiguous exact species match; spelling, synonym, rank, homonym or network result needs manual resolution.",NOT_ASSESSED_FOR_ADDITION,NOT_ASSESSED_FOR_ADDITION,NOT_COMPLETED,https://api.gbif.org/v2/species/match?scientificName=Celastrus+paniculata&kingdom=Plantae&checklistKey=7ddf754f-d193-4cc9-b351-99906754a03b,"Celastrus paniculata, Willd. (C. alnifolia, DC.; C. Rothiana, Roem.; Diosma serrata, Blanco.)"
67,"Zizyphus Jujuba, Lam.",Zizyphus jujuba,SPECIES_HEADING,"Manzanitas, Sp.-Fil.; Jujube Fruit, Eng.",81,87,1.0,OCR_NAME_MATCH_90_PERCENT_OR_BETTER,Rhamnaceæ.,CANDIDATE_ABSENT_PUBLIC_CATALOG,Ziziphus mauritiana,5D5ZY,EXACT,100,,,"Exact species-level backbone name match, absent from public 38-record snapshot. Not cleared for insertion, clinical use, photograph or full database uniqueness.",NOT_COMPLETED,NOT_COMPLETED,NOT_COMPLETED,https://api.gbif.org/v2/species/match?scientificName=Zizyphus+jujuba&kingdom=Plantae&checklistKey=7ddf754f-d193-4cc9-b351-99906754a03b,"Zizyphus Jujuba, Lam. (Rhamnus Jujuba, L. & Blanco; Z. Mauritania, Wall.)"
68,Rhamnus Wightii,Rhamnus wightii,SPECIES_HEADING,"Kabatiti, Tag.",82,88,1.0,OCR_NAME_MATCH_90_PERCENT_OR_BETTER,Rhamnaceæ.,CANDIDATE_ABSENT_PUBLIC_CATALOG,Rhamnus wightii,4S2DW,EXACT,100,,,"Exact species-level backbone name match, absent from public 38-record snapshot. Not cleared for insertion, clinical use, photograph or full database uniqueness.",NOT_COMPLETED,NOT_COMPLETED,NOT_COMPLETED,https://api.gbif.org/v2/species/match?scientificName=Rhamnus+wightii&kingdom=Plantae&checklistKey=7ddf754f-d193-4cc9-b351-99906754a03b,"Rhamnus Wightii, W. & Arn. (Ceanothus Wightiana, Wall.; R. Carolianus, Blanco.)"
69,Mangifera Indica,Mangifera indica,SPECIES_HEADING,Manga.,82,88,1.0,OCR_NAME_MATCH_90_PERCENT_OR_BETTER,Anacardiaceæ.,CANDIDATE_ABSENT_PUBLIC_CATALOG,Mangifera indica,72SKV,EXACT,99,,,"Exact species-level backbone name match, absent from public 38-record snapshot. Not cleared for insertion, clinical use, photograph or full database uniqueness.",NOT_COMPLETED,NOT_COMPLETED,NOT_COMPLETED,https://api.gbif.org/v2/species/match?scientificName=Mangifera+indica&kingdom=Plantae&checklistKey=7ddf754f-d193-4cc9-b351-99906754a03b,"Mangifera Indica, L."
70,Anacardium occidentale,Anacardium occidentale,SPECIES_HEADING,"Kasuy, Tag.; Caskew Nut, Eng.",84,90,1.0,OCR_NAME_MATCH_90_PERCENT_OR_BETTER,Anacardiaceæ.,CANDIDATE_ABSENT_PUBLIC_CATALOG,Anacardium occidentale,DB6H,EXACT,100,,,"Exact species-level backbone name match, absent from public 38-record snapshot. Not cleared for insertion, clinical use, photograph or full database uniqueness.",NOT_COMPLETED,NOT_COMPLETED,NOT_COMPLETED,https://api.gbif.org/v2/species/match?scientificName=Anacardium+occidentale&kingdom=Plantae&checklistKey=7ddf754f-d193-4cc9-b351-99906754a03b,"Anacardium occidentale, L. (Cassuvium reniforme, Blanco.)"
71,Odina Wodier,Odina wodier,SPECIES_HEADING,"Amugis, Tag. and Vis.",86,92,1.0,OCR_NAME_MATCH_90_PERCENT_OR_BETTER,Anacardiaceæ.,CANDIDATE_ABSENT_PUBLIC_CATALOG,Lannea coromandelica,3S7FF,EXACT,100,,,"Exact species-level backbone name match, absent from public 38-record snapshot. Not cleared for insertion, clinical use, photograph or full database uniqueness.",NOT_COMPLETED,NOT_COMPLETED,NOT_COMPLETED,https://api.gbif.org/v2/species/match?scientificName=Odina+wodier&kingdom=Plantae&checklistKey=7ddf754f-d193-4cc9-b351-99906754a03b,"Odina Wodier, Roxb."
72,Moringa pterygosperma,Moringa pterygosperma,SPECIES_HEADING,"Malug̃ay, Kamalug̃ay, Kalug̃ay, Tag.; Dool, Malug̃it, Vis. and Pam.; Horse Radish Tree, Indo-Eng. [87]",86,92,1.0,OCR_NAME_MATCH_90_PERCENT_OR_BETTER,Moringeæ.,EXISTING_PUBLIC_HERB,Moringa oleifera,44DPL,EXACT,100,,Malunggay,,NOT_ASSESSED_FOR_ADDITION,NOT_ASSESSED_FOR_ADDITION,NOT_COMPLETED,https://api.gbif.org/v2/species/match?scientificName=Moringa+pterygosperma&kingdom=Plantae&checklistKey=7ddf754f-d193-4cc9-b351-99906754a03b,"Moringa pterygosperma, Gaertn. (M. oleifera, Lamk.; M. poligona, DC.; Guilandina Moringa, Blanco.)"
73,Agati grandiflora,Agati grandiflora,SPECIES_HEADING,"Katuray, Tag.",88,94,1.0,OCR_NAME_MATCH_90_PERCENT_OR_BETTER,Leguminosæ. (Papilionaceæ.),CANDIDATE_ABSENT_PUBLIC_CATALOG,Sesbania grandiflora,9DM67,EXACT,100,,,"Exact species-level backbone name match, absent from public 38-record snapshot. Not cleared for insertion, clinical use, photograph or full database uniqueness.",NOT_COMPLETED,NOT_COMPLETED,NOT_COMPLETED,https://api.gbif.org/v2/species/match?scientificName=Agati+grandiflora&kingdom=Plantae&checklistKey=7ddf754f-d193-4cc9-b351-99906754a03b,"Agati grandiflora, Desv. (Sesbania grandiflora, Pers.)"
74,Abrus precatorius,Abrus precatorius,SPECIES_HEADING,"Saga, Sagamamin, Bag̃ati, Tag.; Bag̃ati Gikosgikos, Vis.; Kanaasaga, Pam.; Bugayon, Iloc.; Jequiriti, Prayerbeads, Eng. [89]",88,94,1.0,OCR_NAME_MATCH_90_PERCENT_OR_BETTER,Leguminosæ. (Papilionaceæ.),CANDIDATE_ABSENT_PUBLIC_CATALOG,Abrus precatorius,8MGH,EXACT,100,,,"Exact species-level backbone name match, absent from public 38-record snapshot. Not cleared for insertion, clinical use, photograph or full database uniqueness.",NOT_COMPLETED,NOT_COMPLETED,NOT_COMPLETED,https://api.gbif.org/v2/species/match?scientificName=Abrus+precatorius&kingdom=Plantae&checklistKey=7ddf754f-d193-4cc9-b351-99906754a03b,"Abrus precatorius, L."
75,Mucuna pruriens,Mucuna pruriens,SPECIES_HEADING,"Nipay, Lipay, Vis.",90,96,1.0,OCR_NAME_MATCH_90_PERCENT_OR_BETTER,Leguminosæ. (Papilionaceæ.),CANDIDATE_ABSENT_PUBLIC_CATALOG,Mucuna pruriens,44HQK,EXACT,100,,,"Exact species-level backbone name match, absent from public 38-record snapshot. Not cleared for insertion, clinical use, photograph or full database uniqueness.",NOT_COMPLETED,NOT_COMPLETED,NOT_COMPLETED,https://api.gbif.org/v2/species/match?scientificName=Mucuna+pruriens&kingdom=Plantae&checklistKey=7ddf754f-d193-4cc9-b351-99906754a03b,"Mucuna pruriens, DC. (M. prurita, Hook.; M. utilis, Wall.; Dolichos pruriens, L.; Carpopogon pruriens, Roxb.)"
76,Erythrina Indica,Erythrina indica,SPECIES_HEADING,"Dapdap, Kasindik, Tag.; Dapdap, Kabrab, Vis.; Dapdap, Sulbag̃, Pam.; Indian Coral Tree, Eng.",91,97,1.0,OCR_NAME_MATCH_90_PERCENT_OR_BETTER,Leguminosæ. (Papilionaceæ.),CANDIDATE_ABSENT_PUBLIC_CATALOG,Erythrina variegata,3BDF5,EXACT,100,,,"Exact species-level backbone name match, absent from public 38-record snapshot. Not cleared for insertion, clinical use, photograph or full database uniqueness.",NOT_COMPLETED,NOT_COMPLETED,NOT_COMPLETED,https://api.gbif.org/v2/species/match?scientificName=Erythrina+indica&kingdom=Plantae&checklistKey=7ddf754f-d193-4cc9-b351-99906754a03b,"Erythrina Indica, Lam. (E. corallodendron, L.; E. carnea, Blanco.)"
77,"Clitoria ternatea,",Clitoria ternatea,SPECIES_HEADING,"Kolokantig̃, Pakingag̃, Tag.; Kolokatig̃, Vis.; Butterfly-pea, Eng.",92,98,0.9375,OCR_NAME_MATCH_90_PERCENT_OR_BETTER,Leguminosæ. (Papilionaceæ.),CANDIDATE_ABSENT_PUBLIC_CATALOG,Clitoria ternatea,W9KM,EXACT,100,,,"Exact species-level backbone name match, absent from public 38-record snapshot. Not cleared for insertion, clinical use, photograph or full database uniqueness.",NOT_COMPLETED,NOT_COMPLETED,NOT_COMPLETED,https://api.gbif.org/v2/species/match?scientificName=Clitoria+ternatea&kingdom=Plantae&checklistKey=7ddf754f-d193-4cc9-b351-99906754a03b,"Clitoria ternatea, L."
78,1. Pterocarpus santalinus,Pterocarpus santalinus,SPECIES_HEADING,"Narra, Naga, Tag.; Apalit, Daytanag, Pam.; Red Saunders or Red Sandalwood Tree, Eng.",93,99,1.0,OCR_NAME_MATCH_90_PERCENT_OR_BETTER,Leguminosæ. (Papilionaceæ.),CANDIDATE_ABSENT_PUBLIC_CATALOG,Pterocarpus santalinus,6WKVZ,EXACT,99,,,"Exact species-level backbone name match, absent from public 38-record snapshot. Not cleared for insertion, clinical use, photograph or full database uniqueness.",NOT_COMPLETED,NOT_COMPLETED,NOT_COMPLETED,https://api.gbif.org/v2/species/match?scientificName=Pterocarpus+santalinus&kingdom=Plantae&checklistKey=7ddf754f-d193-4cc9-b351-99906754a03b,"1. Pterocarpus santalinus, L.5"
79,"2. P. Indicus,",Pterocarpus indicus,SPECIES_HEADING,"Asana, Tag.; Naga, Vis.",93,99,1.0,OCR_NAME_MATCH_90_PERCENT_OR_BETTER,Leguminosæ. (Papilionaceæ.),CANDIDATE_ABSENT_PUBLIC_CATALOG,Pterocarpus indicus,4PVJ6,EXACT,99,,,"Exact species-level backbone name match, absent from public 38-record snapshot. Not cleared for insertion, clinical use, photograph or full database uniqueness.",NOT_COMPLETED,NOT_COMPLETED,NOT_COMPLETED,https://api.gbif.org/v2/species/match?scientificName=Pterocarpus+indicus&kingdom=Plantae&checklistKey=7ddf754f-d193-4cc9-b351-99906754a03b,"2. P. Indicus, Willd. (P. pallidus, Blanco.)"
80,3. P. erinaceus,Pterocarpus erinaceus,SPECIES_HEADING,"Asana, Narra, Tag.",93,99,1.0,OCR_NAME_MATCH_90_PERCENT_OR_BETTER,Leguminosæ. (Papilionaceæ.),CANDIDATE_ABSENT_PUBLIC_CATALOG,Pterocarpus erinaceus,4PVHJ,EXACT,99,,,"Exact species-level backbone name match, absent from public 38-record snapshot. Not cleared for insertion, clinical use, photograph or full database uniqueness.",NOT_COMPLETED,NOT_COMPLETED,NOT_COMPLETED,https://api.gbif.org/v2/species/match?scientificName=Pterocarpus+erinaceus&kingdom=Plantae&checklistKey=7ddf754f-d193-4cc9-b351-99906754a03b,"3. P. erinaceus, Poir. (P. echinatus, Pers. & DC.)"
81,Pongamia glabra,Pongamia glabra,SPECIES_HEADING,"Balikbalik, Tag.; Butog̃, Vis.",95,101,1.0,OCR_NAME_MATCH_90_PERCENT_OR_BETTER,Leguminosæ. (Papilionaceæ.),CANDIDATE_ABSENT_PUBLIC_CATALOG,Pongamia pinnata,4LTRZ,EXACT,100,,,"Exact species-level backbone name match, absent from public 38-record snapshot. Not cleared for insertion, clinical use, photograph or full database uniqueness.",NOT_COMPLETED,NOT_COMPLETED,NOT_COMPLETED,https://api.gbif.org/v2/species/match?scientificName=Pongamia+glabra&kingdom=Plantae&checklistKey=7ddf754f-d193-4cc9-b351-99906754a03b,"Pongamia glabra, Vent. (Robinia mitis, L.; Gadelupa maculata, Blanco.)"
82,Cæsalpinia Bonducella,Caesalpinia bonducella,SPECIES_HEADING,"Bayag-Kambig̃, Kalambibit, Tag.; Dalugdug, Vis.; Fever Nut, Physic Nut, Bonduc Seeds, Indo-Eng.",96,102,0.9523809523809523,OCR_NAME_MATCH_90_PERCENT_OR_BETTER,Leguminosæ.,CANDIDATE_ABSENT_PUBLIC_CATALOG,Guilandina bonduc,6L5JC,EXACT,100,,,"Exact species-level backbone name match, absent from public 38-record snapshot. Not cleared for insertion, clinical use, photograph or full database uniqueness.",NOT_COMPLETED,NOT_COMPLETED,NOT_COMPLETED,https://api.gbif.org/v2/species/match?scientificName=Caesalpinia+bonducella&kingdom=Plantae&checklistKey=7ddf754f-d193-4cc9-b351-99906754a03b,"Cæsalpinia Bonducella, Flem. (Guilandina Bonducella, L.)"
83,Cæsalpinia Sappan,Caesalpinia sappan,SPECIES_HEADING,"Sibukao, Sapag, Tag.; Palo del Brasil, Sp.; Sappan Wood, Eng.",97,103,0.9411764705882353,OCR_NAME_MATCH_90_PERCENT_OR_BETTER,Leguminosæ.,HOLD_IDENTITY,Biancaea sappan,LQ9H,EXACT,99,2 synonym homonyms,,Automatic match warns of homonyms; resolve the book author/context before counting a new herb.,NOT_ASSESSED_FOR_ADDITION,NOT_ASSESSED_FOR_ADDITION,NOT_COMPLETED,https://api.gbif.org/v2/species/match?scientificName=Caesalpinia+sappan&kingdom=Plantae&checklistKey=7ddf754f-d193-4cc9-b351-99906754a03b,"Cæsalpinia Sappan, L."
84,Cæsalpinia pulcherrima,Caesalpinia pulcherrima,SPECIES_HEADING,"Flores y Rosas Caballero, Caballero, Sp.-Fil.; Barbadoes Flower-Fence, Eng.",98,104,1.0,OCR_NAME_MATCH_90_PERCENT_OR_BETTER,Leguminosæ.,CANDIDATE_ABSENT_PUBLIC_CATALOG,Caesalpinia pulcherrima,5X4Z4,EXACT,99,,,"Exact species-level backbone name match, absent from public 38-record snapshot. Not cleared for insertion, clinical use, photograph or full database uniqueness.",NOT_COMPLETED,NOT_COMPLETED,NOT_COMPLETED,https://api.gbif.org/v2/species/match?scientificName=Caesalpinia+pulcherrima&kingdom=Plantae&checklistKey=7ddf754f-d193-4cc9-b351-99906754a03b,"Cæsalpinia pulcherrima, Swartz. (Poinciana pulcherrima, L. & Blanco.)"
85,Cassia fistula,Cassia fistula,SPECIES_HEADING,"Cañafistula, Sp.; Lombayog̃, Ibabaw, Baloyog̃, Vis.; Purging Cassia, Eng.",99,105,1.0,OCR_NAME_MATCH_90_PERCENT_OR_BETTER,Leguminosæ.,CANDIDATE_ABSENT_PUBLIC_CATALOG,Cassia fistula,RLJX,EXACT,99,,,"Exact species-level backbone name match, absent from public 38-record snapshot. Not cleared for insertion, clinical use, photograph or full database uniqueness.",NOT_COMPLETED,NOT_COMPLETED,NOT_COMPLETED,https://api.gbif.org/v2/species/match?scientificName=Cassia+fistula&kingdom=Plantae&checklistKey=7ddf754f-d193-4cc9-b351-99906754a03b,"Cassia fistula, L."
86,Cassia occidentalis,Cassia occidentalis,SPECIES_HEADING,"Tighiman, Balotag̃aso, Tag.; Tambalisa, Vis.; Western Senna, Styptic Weed, Eng.; Negro Coffee, Indo-Eng.",100,106,1.0,OCR_NAME_MATCH_90_PERCENT_OR_BETTER,Leguminosæ.,HOLD_IDENTITY,Senna Mill.,9CM2K,HIGHERRANK,99,,,"No unambiguous exact species match; spelling, synonym, rank, homonym or network result needs manual resolution.",NOT_ASSESSED_FOR_ADDITION,NOT_ASSESSED_FOR_ADDITION,NOT_COMPLETED,https://api.gbif.org/v2/species/match?scientificName=Cassia+occidentalis&kingdom=Plantae&checklistKey=7ddf754f-d193-4cc9-b351-99906754a03b,"Cassia occidentalis, L."
87,Cassia alata,Cassia alata,SPECIES_HEADING,"Acapulco, Sp.-Fil.; Katandá, Gamut sa Buni, Sontig̃, Tag.; Suntig̃, Kansitás, Vis.; Pakayomkom-kastila, Pam.",102,108,1.0,OCR_NAME_MATCH_90_PERCENT_OR_BETTER,Leguminosæ.,EXISTING_PUBLIC_HERB,Senna alata,4WP74,EXACT,99,2 synonym homonyms,Akapulko,,NOT_ASSESSED_FOR_ADDITION,NOT_ASSESSED_FOR_ADDITION,NOT_COMPLETED,https://api.gbif.org/v2/species/match?scientificName=Cassia+alata&kingdom=Plantae&checklistKey=7ddf754f-d193-4cc9-b351-99906754a03b,"Cassia alata, L."
88,Tamarindus Indica,Tamarindus indica,SPECIES_HEADING,"Tamarindo, Sp.; Sampalok, Tag., Pam., Bik.; Sambak, Sumalagi, Kamalagi, Vis.; Tamarind, Eng.",104,110,1.0,OCR_NAME_MATCH_90_PERCENT_OR_BETTER,Leguminosæ.,CANDIDATE_ABSENT_PUBLIC_CATALOG,Tamarindus indica,54M92,EXACT,99,,,"Exact species-level backbone name match, absent from public 38-record snapshot. Not cleared for insertion, clinical use, photograph or full database uniqueness.",NOT_COMPLETED,NOT_COMPLETED,NOT_COMPLETED,https://api.gbif.org/v2/species/match?scientificName=Tamarindus+indica&kingdom=Plantae&checklistKey=7ddf754f-d193-4cc9-b351-99906754a03b,"Tamarindus Indica, L."
89,Bauhinia malabarica,Bauhinia malabarica,SPECIES_HEADING,"Alibag̃bag̃, Tag., Vis., Pam.",105,111,1.0,OCR_NAME_MATCH_90_PERCENT_OR_BETTER,Leguminosæ.,CANDIDATE_ABSENT_PUBLIC_CATALOG,Piliostigma malabaricum,4HTR9,EXACT,100,,,"Exact species-level backbone name match, absent from public 38-record snapshot. Not cleared for insertion, clinical use, photograph or full database uniqueness.",NOT_COMPLETED,NOT_COMPLETED,NOT_COMPLETED,https://api.gbif.org/v2/species/match?scientificName=Bauhinia+malabarica&kingdom=Plantae&checklistKey=7ddf754f-d193-4cc9-b351-99906754a03b,"Bauhinia malabarica, Roxb. (B. tomentosa, Wall. and Blanco.)"
90,Entada scandens,Entada scandens,SPECIES_HEADING,"Gogo, Tag.; Bayogo, Balogo, Gohog̃ bakay, Vis. and Pam.; Gilla Nuts, Indo-Eng.",106,112,1.0,OCR_NAME_MATCH_90_PERCENT_OR_BETTER,Leguminosæ.,CANDIDATE_ABSENT_PUBLIC_CATALOG,Entada phaseoloides,39X5N,EXACT,100,,,"Exact species-level backbone name match, absent from public 38-record snapshot. Not cleared for insertion, clinical use, photograph or full database uniqueness.",NOT_COMPLETED,NOT_COMPLETED,NOT_COMPLETED,https://api.gbif.org/v2/species/match?scientificName=Entada+scandens&kingdom=Plantae&checklistKey=7ddf754f-d193-4cc9-b351-99906754a03b,"Entada scandens, Benth. (E. Pursœtha, DC. and Blanco.)"
91,Parkia Roxburghii,Parkia roxburghii,SPECIES_HEADING,"Kopag̃, Tag.",107,113,1.0,OCR_NAME_MATCH_90_PERCENT_OR_BETTER,Leguminosæ.,CANDIDATE_ABSENT_PUBLIC_CATALOG,Parkia timoriana,4DN66,EXACT,100,,,"Exact species-level backbone name match, absent from public 38-record snapshot. Not cleared for insertion, clinical use, photograph or full database uniqueness.",NOT_COMPLETED,NOT_COMPLETED,NOT_COMPLETED,https://api.gbif.org/v2/species/match?scientificName=Parkia+roxburghii&kingdom=Plantae&checklistKey=7ddf754f-d193-4cc9-b351-99906754a03b,"Parkia Roxburghii, G. Don. (P. brunonis, Grah.; P. biglobosa, Benth.; Mimosa peregrina, Blanco.)"
92,Acacia Farnesiana,Acacia farnesiana,SPECIES_HEADING,"Aroma, Sp.; Cassie Flower, Eng.",108,114,1.0,OCR_NAME_MATCH_90_PERCENT_OR_BETTER,Leguminosæ.,CANDIDATE_ABSENT_PUBLIC_CATALOG,Acacia farnesiana,VL7SD,EXACT,99,,,"Exact species-level backbone name match, absent from public 38-record snapshot. Not cleared for insertion, clinical use, photograph or full database uniqueness.",NOT_COMPLETED,NOT_COMPLETED,NOT_COMPLETED,https://api.gbif.org/v2/species/match?scientificName=Acacia+farnesiana&kingdom=Plantae&checklistKey=7ddf754f-d193-4cc9-b351-99906754a03b,"Acacia Farnesiana, Willd. (A. Indica, Desv.; Mimosa Farnesiana, L. and Blanco.)"
93,Kalanchoe laciniata,Kalanchoe laciniata,SPECIES_HEADING,"Siempreviva (Live-for-ever), Sp.-Fil.; Katakatakā, Tag.",109,115,1.0,OCR_NAME_MATCH_90_PERCENT_OR_BETTER,Crassulaceæ.,HOLD_IDENTITY,Kalanchoe laciniata,3QYL9,EXACT,100,,,"Book says Kalanchoe laciniata, not catalog Kalanchoe pinnata; common-name collision requires identity review.",NOT_ASSESSED_FOR_ADDITION,NOT_ASSESSED_FOR_ADDITION,NOT_COMPLETED,https://api.gbif.org/v2/species/match?scientificName=Kalanchoe+laciniata&kingdom=Plantae&checklistKey=7ddf754f-d193-4cc9-b351-99906754a03b,"Kalanchoe laciniata, DC. (Cotyledon laciniata, Roxb.; Bryophyllum serratum, Blanco.)"
94,Terminalia Catappa,Terminalia catappa,SPECIES_HEADING,"Talisay, Tag.; Almendro, Sp.-Fil.; Talisay, Banilak, Nato, Hitam, Vis.; Kalisay, Pam.; Lugo, Pandan, Iloc.; Indian Almond, Indo-Eng.",110,116,0.9411764705882353,OCR_NAME_MATCH_90_PERCENT_OR_BETTER,Combretaceæ.,CANDIDATE_ABSENT_PUBLIC_CATALOG,Terminalia catappa,55G3X,EXACT,100,,,"Exact species-level backbone name match, absent from public 38-record snapshot. Not cleared for insertion, clinical use, photograph or full database uniqueness.",NOT_COMPLETED,NOT_COMPLETED,NOT_COMPLETED,https://api.gbif.org/v2/species/match?scientificName=Terminalia+catappa&kingdom=Plantae&checklistKey=7ddf754f-d193-4cc9-b351-99906754a03b,"Terminalia Catappa, L. (T. molucana, Lam.; T. mauriciana, Blanco.)"
95,Terminalia Chebula,Terminalia chebula,SPECIES_HEADING,"Dig̃las, Diglas, Tag.; Black Myrobalan Tree, Indo-Eng.",111,117,1.0,OCR_NAME_MATCH_90_PERCENT_OR_BETTER,Combretaceæ.,CANDIDATE_ABSENT_PUBLIC_CATALOG,Terminalia chebula,55G44,EXACT,100,,,"Exact species-level backbone name match, absent from public 38-record snapshot. Not cleared for insertion, clinical use, photograph or full database uniqueness.",NOT_COMPLETED,NOT_COMPLETED,NOT_COMPLETED,https://api.gbif.org/v2/species/match?scientificName=Terminalia+chebula&kingdom=Plantae&checklistKey=7ddf754f-d193-4cc9-b351-99906754a03b,"Terminalia Chebula, Retz. (T. reticulata, Toth.; Bucida cuminata, Blanco.)"
96,Quisqualis Indica,Quisqualis indica,SPECIES_HEADING,"Tagaraw, Niogniogan, Tag.; Tangolon, Vis.; Babebabe, Pam.; Tartaraw, Iloc.",112,118,1.0,OCR_NAME_MATCH_90_PERCENT_OR_BETTER,Combretaceæ.,EXISTING_PUBLIC_HERB,Combretum indicum,9K27M,HIGHERRANK,98,,Niyog-niyogan,Kew accepts Combretum indicum and lists Quisqualis indica L.; catalog sourceScientificName agrees.,NOT_ASSESSED_FOR_ADDITION,NOT_ASSESSED_FOR_ADDITION,NOT_COMPLETED,https://api.gbif.org/v2/species/match?scientificName=Quisqualis+indica&kingdom=Plantae&checklistKey=7ddf754f-d193-4cc9-b351-99906754a03b,"Quisqualis Indica, L. (Q. villosa, Roxb.; Q. spinosa, Nares.)"
97,Psidium pomiferum,Psidium pomiferum,SPECIES_HEADING,"Guayabas, Sp.; Bayabas, Guayabas, Tayabas, Tag., and other dialects; Guava, Eng.",113,119,0.9375,OCR_NAME_MATCH_90_PERCENT_OR_BETTER,Myrtaceæ.,EXISTING_PUBLIC_HERB,Psidium guajava,4PFV7,EXACT,100,,Bayabas,,NOT_ASSESSED_FOR_ADDITION,NOT_ASSESSED_FOR_ADDITION,NOT_COMPLETED,https://api.gbif.org/v2/species/match?scientificName=Psidium+pomiferum&kingdom=Plantae&checklistKey=7ddf754f-d193-4cc9-b351-99906754a03b,"Psidium pomiferum, L. (P. aromaticum and P. pyriferum, Blanco.)"
98,Eugenia Jambolana,Eugenia jambolana,SPECIES_HEADING,"Lomboy, Duhat, Duat, Tag., Pam., Vis.; Jambul or Black Plum, Indo-Eng.",114,120,1.0,OCR_NAME_MATCH_90_PERCENT_OR_BETTER,Myrtaceæ.,CANDIDATE_ABSENT_PUBLIC_CATALOG,Syzygium cumini,545XT,EXACT,100,,,"Exact species-level backbone name match, absent from public 38-record snapshot. Not cleared for insertion, clinical use, photograph or full database uniqueness.",NOT_COMPLETED,NOT_COMPLETED,NOT_COMPLETED,https://api.gbif.org/v2/species/match?scientificName=Eugenia+jambolana&kingdom=Plantae&checklistKey=7ddf754f-d193-4cc9-b351-99906754a03b,"Eugenia Jambolana, Lam. (Calyptranthes Jambolana, Willd. and Blanco; Syzygium Jambolanum, DC. and Blanco.)"
99,Melastoma malabatrichum,Melastoma malabatrichum,SPECIES_HEADING,"Granatis, Tag.",116,122,1.0,OCR_NAME_MATCH_90_PERCENT_OR_BETTER,Melastomaceæ.,HOLD_IDENTITY,Melastoma malabathricum,3ZD4V,VARIANT,95,,,"No unambiguous exact species match; spelling, synonym, rank, homonym or network result needs manual resolution.",NOT_ASSESSED_FOR_ADDITION,NOT_ASSESSED_FOR_ADDITION,NOT_COMPLETED,https://api.gbif.org/v2/species/match?scientificName=Melastoma+malabatrichum&kingdom=Plantae&checklistKey=7ddf754f-d193-4cc9-b351-99906754a03b,"Melastoma malabatrichum, L. (M. obvolutum, Jack.; M. aspera and obvoluta, Blanco.)"
100,"Ammannia vesicatoria,",Ammannia vesicatoria,SPECIES_HEADING,"Bias pogo, Tag.; Blistering Ammannia, Indo-Eng.",117,123,1.0,OCR_NAME_MATCH_90_PERCENT_OR_BETTER,Lythraceæ.,CANDIDATE_ABSENT_PUBLIC_CATALOG,Ammannia baccifera,CSZF,EXACT,100,,,"Exact species-level backbone name match, absent from public 38-record snapshot. Not cleared for insertion, clinical use, photograph or full database uniqueness.",NOT_COMPLETED,NOT_COMPLETED,NOT_COMPLETED,https://api.gbif.org/v2/species/match?scientificName=Ammannia+vesicatoria&kingdom=Plantae&checklistKey=7ddf754f-d193-4cc9-b351-99906754a03b,"Ammannia vesicatoria, Roxb. (A. baccifera, L.; A. Indica, Lam.; A. debilis and Celosia mana, Blanco.)"
101,Lawsonia alba,Lawsonia alba,SPECIES_HEADING,"Cinamomo del país (native cinnamon), Sp.-Fil.; Henna, Camphire, Samphire, Indo-Eng.",118,124,1.0,OCR_NAME_MATCH_90_PERCENT_OR_BETTER,Lythraceæ.,CANDIDATE_ABSENT_PUBLIC_CATALOG,Lawsonia inermis,3SNTF,EXACT,100,,,"Exact species-level backbone name match, absent from public 38-record snapshot. Not cleared for insertion, clinical use, photograph or full database uniqueness.",NOT_COMPLETED,NOT_COMPLETED,NOT_COMPLETED,https://api.gbif.org/v2/species/match?scientificName=Lawsonia+alba&kingdom=Plantae&checklistKey=7ddf754f-d193-4cc9-b351-99906754a03b,"Lawsonia alba, Lam. (L. spinosa, L.; L. inermis, Roxb.)"
102,Punica Granatum,Punica granatum,SPECIES_HEADING,"Granada, Sp. and Fil. dialects; Pomegranate, Eng.",120,126,1.0,OCR_NAME_MATCH_90_PERCENT_OR_BETTER,Lythraceæ.,CANDIDATE_ABSENT_PUBLIC_CATALOG,Punica granatum,4QHX8,EXACT,100,,,"Exact species-level backbone name match, absent from public 38-record snapshot. Not cleared for insertion, clinical use, photograph or full database uniqueness.",NOT_COMPLETED,NOT_COMPLETED,NOT_COMPLETED,https://api.gbif.org/v2/species/match?scientificName=Punica+granatum&kingdom=Plantae&checklistKey=7ddf754f-d193-4cc9-b351-99906754a03b,"Punica Granatum, L."
103,Jussiæa suffruticosa,Jussiaea suffruticosa,SPECIES_HEADING,"Malapoko, Tag.",122,128,0.95,OCR_NAME_MATCH_90_PERCENT_OR_BETTER,Onagraceæ.,CANDIDATE_ABSENT_PUBLIC_CATALOG,Ludwigia octovalvis,3WDCQ,EXACT,100,,,"Exact species-level backbone name match, absent from public 38-record snapshot. Not cleared for insertion, clinical use, photograph or full database uniqueness.",NOT_COMPLETED,NOT_COMPLETED,NOT_COMPLETED,https://api.gbif.org/v2/species/match?scientificName=Jussiaea+suffruticosa&kingdom=Plantae&checklistKey=7ddf754f-d193-4cc9-b351-99906754a03b,"Jussiæa suffruticosa, L. (J. villosa, Lam.; J. erecta, Blanco.)"
104,Carica Papaya,Carica papaya,SPECIES_HEADING,"Papaya, in many Phil. dialects; Papaya, Papaw, Eng.",123,129,1.0,OCR_NAME_MATCH_90_PERCENT_OR_BETTER,Passifloraceæ.,CANDIDATE_ABSENT_PUBLIC_CATALOG,Carica papaya,RCZK,EXACT,100,,,"Exact species-level backbone name match, absent from public 38-record snapshot. Not cleared for insertion, clinical use, photograph or full database uniqueness.",NOT_COMPLETED,NOT_COMPLETED,NOT_COMPLETED,https://api.gbif.org/v2/species/match?scientificName=Carica+papaya&kingdom=Plantae&checklistKey=7ddf754f-d193-4cc9-b351-99906754a03b,"Carica Papaya, L."
105,Trichosanthes palmata,Trichosanthes palmata,SPECIES_HEADING,(?).,127,133,1.0,OCR_NAME_MATCH_90_PERCENT_OR_BETTER,Cucurbitaceæ.,HOLD_IDENTITY,Cucurbitaceae Juss.,8SC,HIGHERRANK,98,,,"No unambiguous exact species match; spelling, synonym, rank, homonym or network result needs manual resolution.",NOT_ASSESSED_FOR_ADDITION,NOT_ASSESSED_FOR_ADDITION,NOT_COMPLETED,https://api.gbif.org/v2/species/match?scientificName=Trichosanthes+palmata&kingdom=Plantae&checklistKey=7ddf754f-d193-4cc9-b351-99906754a03b,"Trichosanthes palmata, Roxb. (T. tricuspis, Mig.; T. lucioniana, Bares.)"
106,T. anguina,Trichosanthes anguina,SPECIES_HEADING,"Salagsalag, Pakupis, Salimpokot, Kukubitan, Halahala, Buyokbuyok, Tag.; Tabobog, Kukubitan, Pukopukot, Kuragda, Vis., Pam.",128,134,1.0,OCR_NAME_MATCH_90_PERCENT_OR_BETTER,Cucurbitaceæ.,CANDIDATE_ABSENT_PUBLIC_CATALOG,Trichosanthes cucumerina,58JLJ,EXACT,100,,,"Exact species-level backbone name match, absent from public 38-record snapshot. Not cleared for insertion, clinical use, photograph or full database uniqueness.",NOT_COMPLETED,NOT_COMPLETED,NOT_COMPLETED,https://api.gbif.org/v2/species/match?scientificName=Trichosanthes+anguina&kingdom=Plantae&checklistKey=7ddf754f-d193-4cc9-b351-99906754a03b,"T. anguina, L. (T. amara, Blanco.)"
107,T. cucumerina,Trichosanthes cucumerina,SPECIES_HEADING,Probably the same as T. anguina.,128,134,1.0,OCR_NAME_MATCH_90_PERCENT_OR_BETTER,Cucurbitaceæ.,BOOK_SYNONYM_NOT_EXTRA_HERB,Trichosanthes cucumerina,58JLJ,EXACT,99,,,Same accepted species key as entry 106,NOT_ASSESSED_FOR_ADDITION,NOT_ASSESSED_FOR_ADDITION,NOT_COMPLETED,https://api.gbif.org/v2/species/match?scientificName=Trichosanthes+cucumerina&kingdom=Plantae&checklistKey=7ddf754f-d193-4cc9-b351-99906754a03b,"T. cucumerina, L."
108,Lagenaria vulgaris,Lagenaria vulgaris,SPECIES_HEADING,"Common Gourd, Bottle Gourd, Calabash, Eng.",129,135,1.0,OCR_NAME_MATCH_90_PERCENT_OR_BETTER,Cucurbitaceæ.,CANDIDATE_ABSENT_PUBLIC_CATALOG,Lagenaria siceraria,3RWFV,EXACT,100,,,"Exact species-level backbone name match, absent from public 38-record snapshot. Not cleared for insertion, clinical use, photograph or full database uniqueness.",NOT_COMPLETED,NOT_COMPLETED,NOT_COMPLETED,https://api.gbif.org/v2/species/match?scientificName=Lagenaria+vulgaris&kingdom=Plantae&checklistKey=7ddf754f-d193-4cc9-b351-99906754a03b,"Lagenaria vulgaris, Ser."
109,Lagenaria Gourda,Lagenaria gourda,VARIETY,"Calabaza de peregrino, Sp.; Pilgrim’s Gourd, Eng.",129,135,1.0,OCR_NAME_MATCH_90_PERCENT_OR_BETTER,Cucurbitaceæ.,BOOK_VARIETY_NOT_EXTRA_HERB,Lagenaria Ser.,62VPC,HIGHERRANK,95,,,Explicit variety under a parent entry; not counted as a separate herb.,NOT_ASSESSED_FOR_ADDITION,NOT_ASSESSED_FOR_ADDITION,NOT_COMPLETED,https://api.gbif.org/v2/species/match?scientificName=Lagenaria+gourda&kingdom=Plantae&checklistKey=7ddf754f-d193-4cc9-b351-99906754a03b,"Var. Lagenaria Gourda, Ser. (Cucurbita lagenaria oblonga, Blanco.)"
110,L. courgourda,Lagenaria courgourda,VARIETY,"Tabayag, Tag. [130]",129,135,1.0,OCR_NAME_MATCH_90_PERCENT_OR_BETTER,Cucurbitaceæ.,BOOK_VARIETY_NOT_EXTRA_HERB,Lagenaria Ser.,62VPC,HIGHERRANK,95,,,Explicit variety under a parent entry; not counted as a separate herb.,NOT_ASSESSED_FOR_ADDITION,NOT_ASSESSED_FOR_ADDITION,NOT_COMPLETED,https://api.gbif.org/v2/species/match?scientificName=Lagenaria+courgourda&kingdom=Plantae&checklistKey=7ddf754f-d193-4cc9-b351-99906754a03b,"Var. L. courgourda, Ser."
111,L. clavata,Lagenaria clavata,VARIETY,"Calabaza blanca, Sp.; Opo, Tag.; White Gourd, Eng.",130,136,1.0,OCR_NAME_MATCH_90_PERCENT_OR_BETTER,Cucurbitaceæ.,BOOK_VARIETY_NOT_EXTRA_HERB,Lagenaria Ser.,62VPC,HIGHERRANK,95,,,Explicit variety under a parent entry; not counted as a separate herb.,NOT_ASSESSED_FOR_ADDITION,NOT_ASSESSED_FOR_ADDITION,NOT_COMPLETED,https://api.gbif.org/v2/species/match?scientificName=Lagenaria+clavata&kingdom=Plantae&checklistKey=7ddf754f-d193-4cc9-b351-99906754a03b,"Var. L. clavata, Ser. (C. lagenaria villosa, Blanco.)"
112,Luffa Ægyptiaca,Luffa ægyptiaca,SPECIES_HEADING,Probably bears the same names as the Trichosanthes.,131,137,1.0,OCR_NAME_MATCH_90_PERCENT_OR_BETTER,Cucurbitaceæ.,CANDIDATE_ABSENT_PUBLIC_CATALOG,Luffa aegyptiaca,3WDJN,EXACT,100,,,"Exact species-level backbone name match, absent from public 38-record snapshot. Not cleared for insertion, clinical use, photograph or full database uniqueness.",NOT_COMPLETED,NOT_COMPLETED,NOT_COMPLETED,https://api.gbif.org/v2/species/match?scientificName=Luffa+%C3%A6gyptiaca&kingdom=Plantae&checklistKey=7ddf754f-d193-4cc9-b351-99906754a03b,"Luffa Ægyptiaca, Mill. (L. pentandra, Roxb.; L. petola, Ser.; Momordica operculata, Blanco.)"
113,Momordica balsamina,Momordica balsamina,SPECIES_HEADING,"Ampalaya, Ampalea, Tag.; Amargoso, Sp.-Fil.; Paria, Iloc.; Apalia, Pam.; Balsamina, Sp.; Balsam Apple, Eng.",132,138,1.0,OCR_NAME_MATCH_90_PERCENT_OR_BETTER,Cucurbitaceæ.,CANDIDATE_ABSENT_PUBLIC_CATALOG,Momordica balsamina,43YYC,EXACT,100,,,"Exact species-level backbone name match, absent from public 38-record snapshot. Not cleared for insertion, clinical use, photograph or full database uniqueness.",NOT_COMPLETED,NOT_COMPLETED,NOT_COMPLETED,https://api.gbif.org/v2/species/match?scientificName=Momordica+balsamina&kingdom=Plantae&checklistKey=7ddf754f-d193-4cc9-b351-99906754a03b,"Momordica balsamina, L."
114,M. charanta,Momordica charanta,SPECIES_HEADING,The same as of M. balsamina.,132,138,1.0,OCR_NAME_MATCH_90_PERCENT_OR_BETTER,Cucurbitaceæ.,EXISTING_PUBLIC_HERB,Momordica charantia,73NNQ,VARIANT,96,,Ampalaya,Book heading has charanta; contents and plant account identify Ampalaya. Spelling correction; not a new species.,NOT_ASSESSED_FOR_ADDITION,NOT_ASSESSED_FOR_ADDITION,NOT_COMPLETED,https://api.gbif.org/v2/species/match?scientificName=Momordica+charanta&kingdom=Plantae&checklistKey=7ddf754f-d193-4cc9-b351-99906754a03b,"M. charanta, L. (M. muricata, Willd.; M. cylindrica, Blanco.)"
115,Citrullus Colocynthis,Citrullus colocynthis,SPECIES_HEADING,"Coloquíntida, Sp.; Colocynth, Bitter Apple, Eng.",133,139,0.95,OCR_NAME_MATCH_90_PERCENT_OR_BETTER,Cucurbitaceæ.,CANDIDATE_ABSENT_PUBLIC_CATALOG,Citrullus colocynthis,VMHH,EXACT,100,,,"Exact species-level backbone name match, absent from public 38-record snapshot. Not cleared for insertion, clinical use, photograph or full database uniqueness.",NOT_COMPLETED,NOT_COMPLETED,NOT_COMPLETED,https://api.gbif.org/v2/species/match?scientificName=Citrullus+colocynthis&kingdom=Plantae&checklistKey=7ddf754f-d193-4cc9-b351-99906754a03b,"Citrullus Colocynthis, Schard. (Cucumis Colocynthis, L.)"
116,Trianthema monogyna,Trianthema monogyna,SPECIES_HEADING,"Toston, Tag.; Alusiman, Ayam, Vis.",134,140,1.0,OCR_NAME_MATCH_90_PERCENT_OR_BETTER,Ficoideæ.,HOLD_IDENTITY,Trianthema portulacastrum,585L8,VARIANT,96,2 synonym homonyms,,"No unambiguous exact species match; spelling, synonym, rank, homonym or network result needs manual resolution.",NOT_ASSESSED_FOR_ADDITION,NOT_ASSESSED_FOR_ADDITION,NOT_COMPLETED,https://api.gbif.org/v2/species/match?scientificName=Trianthema+monogyna&kingdom=Plantae&checklistKey=7ddf754f-d193-4cc9-b351-99906754a03b,"Trianthema monogyna, L. (T. obcordata, Roxb.; Portulaca toston and axiflora, Blanco.)"
117,Hydrocotyle Asiatica,Hydrocotyle asiatica,SPECIES_HEADING,"Takip kohol, Takip suso, Tag.; Rabasa, Sp.; Indian Pennywort, Indo-Eng.",134,140,1.0,OCR_NAME_MATCH_90_PERCENT_OR_BETTER,Umbelliferæ.,EXISTING_PUBLIC_HERB,Centella asiatica,69GFK,HIGHERRANK,98,,Takip-kohol,Kew Hydrocotyle asiatica L. is a synonym of Centella asiatica; catalog sourceScientificName agrees.,NOT_ASSESSED_FOR_ADDITION,NOT_ASSESSED_FOR_ADDITION,NOT_COMPLETED,https://api.gbif.org/v2/species/match?scientificName=Hydrocotyle+asiatica&kingdom=Plantae&checklistKey=7ddf754f-d193-4cc9-b351-99906754a03b,"Hydrocotyle Asiatica, L."
118,Carum copticum,Carum copticum,SPECIES_HEADING,"Lamudio, Damoro, Tag.; Lamudio, Vis.; Caraway, Eng.",136,142,0.9230769230769231,OCR_NAME_MATCH_90_PERCENT_OR_BETTER,Umbelliferæ.,HOLD_IDENTITY,Trachyspermum ammi,57TR3,EXACT,99,2 synonym homonyms,,Automatic match warns of homonyms; resolve the book author/context before counting a new herb.,NOT_ASSESSED_FOR_ADDITION,NOT_ASSESSED_FOR_ADDITION,NOT_COMPLETED,https://api.gbif.org/v2/species/match?scientificName=Carum+copticum&kingdom=Plantae&checklistKey=7ddf754f-d193-4cc9-b351-99906754a03b,"Carum copticum, Benth. (C. ajowan, DC.; Ammi copticum, L.; A. glaucifolium, Blanco; Daucus opticus, Pers.; D. anisodorus, Blanco.)"
119,Fœniculum vulgare,Foeniculum vulgare,SPECIES_HEADING,"Anis, Sp.; Fennel, Eng.",137,143,0.9411764705882353,OCR_NAME_MATCH_90_PERCENT_OR_BETTER,Umbelliferæ.,CANDIDATE_ABSENT_PUBLIC_CATALOG,Foeniculum vulgare,6JBPX,EXACT,99,,,"Exact species-level backbone name match, absent from public 38-record snapshot. Not cleared for insertion, clinical use, photograph or full database uniqueness.",NOT_COMPLETED,NOT_COMPLETED,NOT_COMPLETED,https://api.gbif.org/v2/species/match?scientificName=Foeniculum+vulgare&kingdom=Plantae&checklistKey=7ddf754f-d193-4cc9-b351-99906754a03b,"Fœniculum vulgare, Gaertn. (F. officinale, Allion; F. panmorium, DC.; Anethum fœniculum, Blanco.)"
120,Alangium Lamarkii,Alangium lamarkii,SPECIES_HEADING,(?),138,144,1.0,OCR_NAME_MATCH_90_PERCENT_OR_BETTER,Cornaceæ.,HOLD_IDENTITY,Alangium salviifolium,65WBQ,VARIANT,96,,,"No unambiguous exact species match; spelling, synonym, rank, homonym or network result needs manual resolution.",NOT_ASSESSED_FOR_ADDITION,NOT_ASSESSED_FOR_ADDITION,NOT_COMPLETED,https://api.gbif.org/v2/species/match?scientificName=Alangium+lamarkii&kingdom=Plantae&checklistKey=7ddf754f-d193-4cc9-b351-99906754a03b,"Alangium Lamarkii, Thwaites. (A. decapetalum, hexapetalum and tomentosum, Lam.)"
121,Hymenodictyon excelsum,Hymenodictyon excelsum,SPECIES_HEADING,"Huligaga, Tag.",140,146,1.0,OCR_NAME_MATCH_90_PERCENT_OR_BETTER,Rubiaceæ.,HOLD_IDENTITY,Hymenodictyon orixense,3NJPY,EXACT,99,2 synonym homonyms,,Automatic match warns of homonyms; resolve the book author/context before counting a new herb.,NOT_ASSESSED_FOR_ADDITION,NOT_ASSESSED_FOR_ADDITION,NOT_COMPLETED,https://api.gbif.org/v2/species/match?scientificName=Hymenodictyon+excelsum&kingdom=Plantae&checklistKey=7ddf754f-d193-4cc9-b351-99906754a03b,"Hymenodictyon excelsum, Wall. (H. Horsfieldii, Miq.; Chinchona excelsa, Roxb.; Exostema Philippicum, Blanco.)"
122,Oldenlandia corymbosa,Oldenlandia corymbosa,SPECIES_HEADING,Doubtful.,141,147,0.85,VISUAL_CORROBORATION,Rubiaceæ.,CANDIDATE_ABSENT_PUBLIC_CATALOG,Oldenlandia corymbosa,492ZP,EXACT,99,,,"Exact species-level backbone name match, absent from public 38-record snapshot. Not cleared for insertion, clinical use, photograph or full database uniqueness.",NOT_COMPLETED,NOT_COMPLETED,NOT_COMPLETED,https://api.gbif.org/v2/species/match?scientificName=Oldenlandia+corymbosa&kingdom=Plantae&checklistKey=7ddf754f-d193-4cc9-b351-99906754a03b,"Oldenlandia corymbosa, L. (O. biflora, Lam.; O. ramosa, Roxb.; O. herbacea and serabrida, DC.; O. burmaniana, Mig.)"
123,Randia dumetorum,Randia dumetorum,SPECIES_HEADING,"Sinampaga, Tag.",142,148,1.0,OCR_NAME_MATCH_90_PERCENT_OR_BETTER,Rubiaceæ.,HOLD_IDENTITY,Catunaregam spinosa,RWLS,EXACT,99,2 synonym homonyms,,Automatic match warns of homonyms; resolve the book author/context before counting a new herb.,NOT_ASSESSED_FOR_ADDITION,NOT_ASSESSED_FOR_ADDITION,NOT_COMPLETED,https://api.gbif.org/v2/species/match?scientificName=Randia+dumetorum&kingdom=Plantae&checklistKey=7ddf754f-d193-4cc9-b351-99906754a03b,"Randia dumetorum, Lam. (R. longispina, DC.; R. aculata, Blanco; R. stipulosa, Miq.; Gardenia spinosa, Blanco.)"
124,Ixora coccinea,Ixora coccinea,SPECIES_HEADING,"Santan, Tag.",143,149,1.0,OCR_NAME_MATCH_90_PERCENT_OR_BETTER,Rubiaceæ.,CANDIDATE_ABSENT_PUBLIC_CATALOG,Ixora coccinea,3QGXQ,EXACT,99,,,"Exact species-level backbone name match, absent from public 38-record snapshot. Not cleared for insertion, clinical use, photograph or full database uniqueness.",NOT_COMPLETED,NOT_COMPLETED,NOT_COMPLETED,https://api.gbif.org/v2/species/match?scientificName=Ixora+coccinea&kingdom=Plantae&checklistKey=7ddf754f-d193-4cc9-b351-99906754a03b,"Ixora coccinea, L. (I. bandhuca, Roxb.)"
125,Coffea Arabica,Coffea arabica,SPECIES_HEADING,"Cafe, Sp.; Coffee, Eng.",144,150,1.0,OCR_NAME_MATCH_90_PERCENT_OR_BETTER,Rubiaceæ.,CANDIDATE_ABSENT_PUBLIC_CATALOG,Coffea arabica,WVWV,EXACT,100,,,"Exact species-level backbone name match, absent from public 38-record snapshot. Not cleared for insertion, clinical use, photograph or full database uniqueness.",NOT_COMPLETED,NOT_COMPLETED,NOT_COMPLETED,https://api.gbif.org/v2/species/match?scientificName=Coffea+arabica&kingdom=Plantae&checklistKey=7ddf754f-d193-4cc9-b351-99906754a03b,"Coffea Arabica, L."
126,Morinda citrifolia,Morinda citrifolia,SPECIES_HEADING,"Bankundo, Pankundo, Bag̃kuro, Nino, Kulit, Tumbog̃aso, Lino, Mambog, Takpus, Tag. and Vis.; Taliantar, Pam.; Apalot, Iloc.; Indian Mulberry, Indo-Eng.",148,154,1.0,OCR_NAME_MATCH_90_PERCENT_OR_BETTER,Rubiaceæ.,CANDIDATE_ABSENT_PUBLIC_CATALOG,Morinda citrifolia,44DHL,EXACT,99,,,"Exact species-level backbone name match, absent from public 38-record snapshot. Not cleared for insertion, clinical use, photograph or full database uniqueness.",NOT_COMPLETED,NOT_COMPLETED,NOT_COMPLETED,https://api.gbif.org/v2/species/match?scientificName=Morinda+citrifolia&kingdom=Plantae&checklistKey=7ddf754f-d193-4cc9-b351-99906754a03b,"Morinda citrifolia, L.; variety: bracteata, Hoock, Jr. (M. ligulata, Blanco.)"
127,bracteata,Morinda citrifolia var. bracteata,VARIETY,"Bankundo, Pankundo, Bag̃kuro, Nino, Kulit, Tumbog̃aso, Lino, Mambog, Takpus, Tag. and Vis.; Taliantar, Pam.; Apalot, Iloc.; Indian Mulberry, Indo-Eng.",148,154,1.0,OCR_NAME_MATCH_90_PERCENT_OR_BETTER,Rubiaceæ.,BOOK_VARIETY_NOT_EXTRA_HERB,Morinda L.,8VZHD,HIGHERRANK,99,,,Explicit variety under a parent entry; not counted as a separate herb.,NOT_ASSESSED_FOR_ADDITION,NOT_ASSESSED_FOR_ADDITION,NOT_COMPLETED,https://api.gbif.org/v2/species/match?scientificName=Morinda+citrifolia+var.+bracteata&kingdom=Plantae&checklistKey=7ddf754f-d193-4cc9-b351-99906754a03b,"Morinda citrifolia, L.; variety: bracteata, Hoock, Jr. (M. ligulata, Blanco.)"
128,M. tinctoria,Morinda tinctoria,SPECIES_HEADING,,149,155,1.0,OCR_NAME_MATCH_90_PERCENT_OR_BETTER,Rubiaceæ.,HOLD_IDENTITY,Morinda L.,8VZHD,HIGHERRANK,98,,,"No unambiguous exact species match; spelling, synonym, rank, homonym or network result needs manual resolution.",NOT_ASSESSED_FOR_ADDITION,NOT_ASSESSED_FOR_ADDITION,NOT_COMPLETED,https://api.gbif.org/v2/species/match?scientificName=Morinda+tinctoria&kingdom=Plantae&checklistKey=7ddf754f-d193-4cc9-b351-99906754a03b,"M. tinctoria, Roxb., is a climbing shrub with leaves opposite, ovate, keeled; petioles very short; flower and fruit like the foregoing species."
129,Pæderia fœtida,Paederia foetida,SPECIES_HEADING,"Kantutan, Kantutæ, Tag.; Lilitan, Tæ-tæ, Vis.",149,155,0.9333333333333333,OCR_NAME_MATCH_90_PERCENT_OR_BETTER,Rubiaceæ.,CANDIDATE_ABSENT_PUBLIC_CATALOG,Paederia foetida,6TJ4M,EXACT,100,,,"Exact species-level backbone name match, absent from public 38-record snapshot. Not cleared for insertion, clinical use, photograph or full database uniqueness.",NOT_COMPLETED,NOT_COMPLETED,NOT_COMPLETED,https://api.gbif.org/v2/species/match?scientificName=Paederia+foetida&kingdom=Plantae&checklistKey=7ddf754f-d193-4cc9-b351-99906754a03b,"Pæderia fœtida, L. (P. sessiflora, DC.)"
130,Eupatorium Ayapana,Eupatorium ayapana,SPECIES_HEADING,"Aya-pana, Sp.; Ayapana, Apana, Tag.; Ayapan, Indo-Eng.",149,155,1.0,OCR_NAME_MATCH_90_PERCENT_OR_BETTER,Compositæ.,CANDIDATE_ABSENT_PUBLIC_CATALOG,Ayapana triplinervis,LVYTG,EXACT,100,,,"Exact species-level backbone name match, absent from public 38-record snapshot. Not cleared for insertion, clinical use, photograph or full database uniqueness.",NOT_COMPLETED,NOT_COMPLETED,NOT_COMPLETED,https://api.gbif.org/v2/species/match?scientificName=Eupatorium+ayapana&kingdom=Plantae&checklistKey=7ddf754f-d193-4cc9-b351-99906754a03b,"Eupatorium Ayapana, Vent."
131,Blumea balsamifera,Blumea balsamifera,SPECIES_HEADING,"Sambon, Tag.; Lakbandulan, Hamlibon, Lalakdan, Lakadbulan, Gintingintin, Gabuen, Ayoban, Alibun, Vis.; Sobsob, Iloc.",150,156,1.0,OCR_NAME_MATCH_90_PERCENT_OR_BETTER,Compositæ.,EXISTING_PUBLIC_HERB,Blumea balsamifera,68M4J,EXACT,99,,Sambong,,NOT_ASSESSED_FOR_ADDITION,NOT_ASSESSED_FOR_ADDITION,NOT_COMPLETED,https://api.gbif.org/v2/species/match?scientificName=Blumea+balsamifera&kingdom=Plantae&checklistKey=7ddf754f-d193-4cc9-b351-99906754a03b,"Blumea balsamifera, DC. (Conyza balsamifera, L.)"
132,Sphœranthus Indicus,Sphoeranthus indicus,SPECIES_HEADING,"Sambog̃-gala, Tag.",151,157,1.0,OCR_NAME_MATCH_90_PERCENT_OR_BETTER,Compositæ.,HOLD_IDENTITY,Sphaeranthus indicus,4YLD5,VARIANT,86,,,"No unambiguous exact species match; spelling, synonym, rank, homonym or network result needs manual resolution.",NOT_ASSESSED_FOR_ADDITION,NOT_ASSESSED_FOR_ADDITION,NOT_COMPLETED,https://api.gbif.org/v2/species/match?scientificName=Sphoeranthus+indicus&kingdom=Plantae&checklistKey=7ddf754f-d193-4cc9-b351-99906754a03b,"Sphœranthus Indicus, L. (S. hirtus, Willd.; S. mollis, Roxb.)"
133,Spilanthes Acmella,Spilanthes acmella,SPECIES_HEADING,"Hagonog, Tag.; Agonoy, Sp.-Fil., Vis.(?); Palunay, Pam.",152,158,1.0,OCR_NAME_MATCH_90_PERCENT_OR_BETTER,Compositæ.,HOLD_IDENTITY,Blainvillea acmella,LZJR,EXACT,99,2 synonym homonyms,,Spilanthes acmella complex: automatic Blainvillea acmella result is not sufficient to identify a modern toothache plant.,NOT_ASSESSED_FOR_ADDITION,NOT_ASSESSED_FOR_ADDITION,NOT_COMPLETED,https://api.gbif.org/v2/species/match?scientificName=Spilanthes+acmella&kingdom=Plantae&checklistKey=7ddf754f-d193-4cc9-b351-99906754a03b,"Spilanthes Acmella, L."
134,Artemisia vulgaris,Artemisia vulgaris,SPECIES_HEADING,"Ka-María, Santa María, Tinisas, Tag.; Indian Wormwood, Indo-Eng.",153,159,1.0,OCR_NAME_MATCH_90_PERCENT_OR_BETTER,Compositæ.,EXISTING_PUBLIC_HERB,Artemisia vulgaris,GX3X,EXACT,99,,Damong Maria,,NOT_ASSESSED_FOR_ADDITION,NOT_ASSESSED_FOR_ADDITION,NOT_COMPLETED,https://api.gbif.org/v2/species/match?scientificName=Artemisia+vulgaris&kingdom=Plantae&checklistKey=7ddf754f-d193-4cc9-b351-99906754a03b,"Artemisia vulgaris, L. (A. Indica, Willd.)"
135,Carthamus tinctorius,Carthamus tinctorius,SPECIES_HEADING,"Azafrán de la tierra, Sp.; Biri, Kasubha, Katsumba, Lago, Tag.; Kasabba, Vis.; Kasubha, Kastumba, Pam.; Bastard Saffron, Dyer’s Safflower, Eng.",154,160,0.9473684210526315,OCR_NAME_MATCH_90_PERCENT_OR_BETTER,Compositæ.,CANDIDATE_ABSENT_PUBLIC_CATALOG,Carthamus tinctorius,RH96,EXACT,99,,,"Exact species-level backbone name match, absent from public 38-record snapshot. Not cleared for insertion, clinical use, photograph or full database uniqueness.",NOT_COMPLETED,NOT_COMPLETED,NOT_COMPLETED,https://api.gbif.org/v2/species/match?scientificName=Carthamus+tinctorius&kingdom=Plantae&checklistKey=7ddf754f-d193-4cc9-b351-99906754a03b,"Carthamus tinctorius, L."
136,Plumbago Zeylanica,Plumbago zeylanica,SPECIES_HEADING,"Sagdikit, Tag.; Bagbag, Talankaw, Iloc.; White-flowered Leadwort, Eng.",155,161,1.0,OCR_NAME_MATCH_90_PERCENT_OR_BETTER,Plumbagineæ.,CANDIDATE_ABSENT_PUBLIC_CATALOG,Plumbago zeylanica,6W3PK,EXACT,100,,,"Exact species-level backbone name match, absent from public 38-record snapshot. Not cleared for insertion, clinical use, photograph or full database uniqueness.",NOT_COMPLETED,NOT_COMPLETED,NOT_COMPLETED,https://api.gbif.org/v2/species/match?scientificName=Plumbago+zeylanica&kingdom=Plantae&checklistKey=7ddf754f-d193-4cc9-b351-99906754a03b,"Plumbago Zeylanica, L. (P. viscosa, Blanco.)"
137,Achras Sapota,Achras sapota,SPECIES_HEADING,"Chico, Sp.-Fil.; Tsiku, Tag.",156,162,1.0,OCR_NAME_MATCH_90_PERCENT_OR_BETTER,Sapotaceæ.,CANDIDATE_ABSENT_PUBLIC_CATALOG,Manilkara zapota,736JM,EXACT,100,,,"Exact species-level backbone name match, absent from public 38-record snapshot. Not cleared for insertion, clinical use, photograph or full database uniqueness.",NOT_COMPLETED,NOT_COMPLETED,NOT_COMPLETED,https://api.gbif.org/v2/species/match?scientificName=Achras+sapota&kingdom=Plantae&checklistKey=7ddf754f-d193-4cc9-b351-99906754a03b,"Achras Sapota, L."
138,Mimusops Elengi,Mimusops elengi,SPECIES_HEADING,"Kabiki, Tag.",157,163,0.9285714285714286,OCR_NAME_MATCH_90_PERCENT_OR_BETTER,Sapotaceæ.,CANDIDATE_ABSENT_PUBLIC_CATALOG,Mimusops elengi,43HW2,EXACT,99,,,"Exact species-level backbone name match, absent from public 38-record snapshot. Not cleared for insertion, clinical use, photograph or full database uniqueness.",NOT_COMPLETED,NOT_COMPLETED,NOT_COMPLETED,https://api.gbif.org/v2/species/match?scientificName=Mimusops+elengi&kingdom=Plantae&checklistKey=7ddf754f-d193-4cc9-b351-99906754a03b,"Mimusops Elengi, L."
139,Jasminum Sambac,Jasminum sambac,SPECIES_HEADING,"Sampaga, Tag.; Sampaguitas, Sp.-Fil.; Arabian Jasmin, Eng.",158,164,1.0,OCR_NAME_MATCH_90_PERCENT_OR_BETTER,Oleaceæ.,CANDIDATE_ABSENT_PUBLIC_CATALOG,Jasminum sambac,3QMQN,EXACT,99,,,"Exact species-level backbone name match, absent from public 38-record snapshot. Not cleared for insertion, clinical use, photograph or full database uniqueness.",NOT_COMPLETED,NOT_COMPLETED,NOT_COMPLETED,https://api.gbif.org/v2/species/match?scientificName=Jasminum+sambac&kingdom=Plantae&checklistKey=7ddf754f-d193-4cc9-b351-99906754a03b,"Jasminum Sambac, Aiton. (Nyctanthes Sambac, Blanco.)"
140,Allamanda cathartica,Allamanda cathartica,SPECIES_HEADING,Not known.,159,165,0.8421052631578947,VISUAL_CORROBORATION,Apocynaceæ.,CANDIDATE_ABSENT_PUBLIC_CATALOG,Allamanda cathartica,BSZX,EXACT,99,,,"Exact species-level backbone name match, absent from public 38-record snapshot. Not cleared for insertion, clinical use, photograph or full database uniqueness.",NOT_COMPLETED,NOT_COMPLETED,NOT_COMPLETED,https://api.gbif.org/v2/species/match?scientificName=Allamanda+cathartica&kingdom=Plantae&checklistKey=7ddf754f-d193-4cc9-b351-99906754a03b,"Allamanda cathartica, L."
141,Thevetia nerifolia,Thevetia nerifolia,SPECIES_HEADING,"Campanelo, Sp.-Fil.; Exile or Yellow Oleander, Eng.",159,165,1.0,OCR_NAME_MATCH_90_PERCENT_OR_BETTER,Apocynaceæ.,HOLD_IDENTITY,Cascabela thevetia,69CZW,VARIANT,96,3 synonym homonyms,,"No unambiguous exact species match; spelling, synonym, rank, homonym or network result needs manual resolution.",NOT_ASSESSED_FOR_ADDITION,NOT_ASSESSED_FOR_ADDITION,NOT_COMPLETED,https://api.gbif.org/v2/species/match?scientificName=Thevetia+nerifolia&kingdom=Plantae&checklistKey=7ddf754f-d193-4cc9-b351-99906754a03b,"Thevetia nerifolia, Suss. (Cerbera Thevetia, L. and Blanco)"
142,Cerbera Odallam,Cerbera odallam,SPECIES_HEADING,"Toktok-kaló, Tag.",161,167,1.0,OCR_NAME_MATCH_90_PERCENT_OR_BETTER,Apocynaceæ.,HOLD_IDENTITY,Cerbera odollam,69KY9,VARIANT,96,,,"No unambiguous exact species match; spelling, synonym, rank, homonym or network result needs manual resolution.",NOT_ASSESSED_FOR_ADDITION,NOT_ASSESSED_FOR_ADDITION,NOT_COMPLETED,https://api.gbif.org/v2/species/match?scientificName=Cerbera+odallam&kingdom=Plantae&checklistKey=7ddf754f-d193-4cc9-b351-99906754a03b,"Cerbera Odallam, Gaertn. (C. manghas, Bl. & Blanco.)"
143,Plumeria acutifolia,Plumeria acutifolia,SPECIES_HEADING,"Calachuche, Sp.-Fil.; Kalatsutsi, Kalasusi, Tag.",162,168,1.0,OCR_NAME_MATCH_90_PERCENT_OR_BETTER,Apocynaceæ.,CANDIDATE_ABSENT_PUBLIC_CATALOG,Plumeria rubra,4KJD7,EXACT,100,,,"Exact species-level backbone name match, absent from public 38-record snapshot. Not cleared for insertion, clinical use, photograph or full database uniqueness.",NOT_COMPLETED,NOT_COMPLETED,NOT_COMPLETED,https://api.gbif.org/v2/species/match?scientificName=Plumeria+acutifolia&kingdom=Plantae&checklistKey=7ddf754f-d193-4cc9-b351-99906754a03b,"Plumeria acutifolia, Poir. (P. alba, Blanco.)"
144,Alstonia scholaris,Alstonia scholaris,SPECIES_HEADING,"Dita, Tag.; Dallopawen, Iloc.; Dita or Alstonia Tree, Eng.",163,169,1.0,OCR_NAME_MATCH_90_PERCENT_OR_BETTER,Apocynaceæ.,CANDIDATE_ABSENT_PUBLIC_CATALOG,Alstonia scholaris,C8VD,EXACT,100,,,"Exact species-level backbone name match, absent from public 38-record snapshot. Not cleared for insertion, clinical use, photograph or full database uniqueness.",NOT_COMPLETED,NOT_COMPLETED,NOT_COMPLETED,https://api.gbif.org/v2/species/match?scientificName=Alstonia+scholaris&kingdom=Plantae&checklistKey=7ddf754f-d193-4cc9-b351-99906754a03b,"Alstonia scholaris, Br. (Echites scholaris, L. and Blanco.)"
145,Nerium odorum,Nerium odorum,SPECIES_HEADING,"Adelfa, Sp.; Baladri, Tag.; Sweet-scented Oleander, Eng.",165,171,1.0,OCR_NAME_MATCH_90_PERCENT_OR_BETTER,Apocynaceæ.,HOLD_IDENTITY,Nerium L.,63BQ,HIGHERRANK,99,,,"No unambiguous exact species match; spelling, synonym, rank, homonym or network result needs manual resolution.",NOT_ASSESSED_FOR_ADDITION,NOT_ASSESSED_FOR_ADDITION,NOT_COMPLETED,https://api.gbif.org/v2/species/match?scientificName=Nerium+odorum&kingdom=Plantae&checklistKey=7ddf754f-d193-4cc9-b351-99906754a03b,"Nerium odorum, Aiton. (N. oleander, L. and Blanco.)"
146,Calotrops gigantea,Calotrops gigantea,SPECIES_HEADING,"Kapal-kapal, Tag.; Swallow-Wort, Eng.; Mudar, Indo-Eng.",167,173,0.9411764705882353,OCR_NAME_MATCH_90_PERCENT_OR_BETTER,Asclepiadaceæ.,HOLD_IDENTITY,Calotropis gigantea,5X96Y,VARIANT,89,,,"No unambiguous exact species match; spelling, synonym, rank, homonym or network result needs manual resolution.",NOT_ASSESSED_FOR_ADDITION,NOT_ASSESSED_FOR_ADDITION,NOT_COMPLETED,https://api.gbif.org/v2/species/match?scientificName=Calotrops+gigantea&kingdom=Plantae&checklistKey=7ddf754f-d193-4cc9-b351-99906754a03b,"Calotrops gigantea, R. Br. (Asclepias gigantea, Willd. and Blanco.)"
147,Tylophora asthmatica,Tylophora asthmatica,SPECIES_HEADING,(?),169,175,0.9473684210526315,OCR_NAME_MATCH_90_PERCENT_OR_BETTER,Asclepiadaceæ.,CANDIDATE_ABSENT_PUBLIC_CATALOG,Vincetoxicum indicum,5BFSM,EXACT,100,,,"Exact species-level backbone name match, absent from public 38-record snapshot. Not cleared for insertion, clinical use, photograph or full database uniqueness.",NOT_COMPLETED,NOT_COMPLETED,NOT_COMPLETED,https://api.gbif.org/v2/species/match?scientificName=Tylophora+asthmatica&kingdom=Plantae&checklistKey=7ddf754f-d193-4cc9-b351-99906754a03b,"Tylophora asthmatica, Wight. (Asclepias asthmatica, Roxb.)"
148,Strychnos Ignatii,Strychnos ignatii,SPECIES_HEADING,"Pepita Fruta, Sp.-Fil.; Pepita sa katbalog̃an, Kabalog̃an, Tag., Pam.; Pangaguason, Aguason, Kanlara, Mananaog, Dankagi, Katalog̃a, Igasud, Vis.; St. Ignatius Bean, Eng.",171,177,1.0,OCR_NAME_MATCH_90_PERCENT_OR_BETTER,Loganiaceæ.,CANDIDATE_ABSENT_PUBLIC_CATALOG,Strychnos ignatii,5377G,EXACT,99,,,"Exact species-level backbone name match, absent from public 38-record snapshot. Not cleared for insertion, clinical use, photograph or full database uniqueness.",NOT_COMPLETED,NOT_COMPLETED,NOT_COMPLETED,https://api.gbif.org/v2/species/match?scientificName=Strychnos+ignatii&kingdom=Plantae&checklistKey=7ddf754f-d193-4cc9-b351-99906754a03b,"Strychnos Ignatii, Berg. (S. Philippensis, Blanco; Ignatia amara, L.; Ignatia Philippinea, Lour.)"
149,Ehretia buxifolia,Ehretia buxifolia,SPECIES_HEADING,"Mag̃it, Alag̃itg̃it, Tag., Vis.",173,179,1.0,OCR_NAME_MATCH_90_PERCENT_OR_BETTER,Boraginaceæ.,EXISTING_PUBLIC_HERB,Ehretia microphylla,B3QZX,EXACT,100,,Tsaang Gubat,,NOT_ASSESSED_FOR_ADDITION,NOT_ASSESSED_FOR_ADDITION,NOT_COMPLETED,https://api.gbif.org/v2/species/match?scientificName=Ehretia+buxifolia&kingdom=Plantae&checklistKey=7ddf754f-d193-4cc9-b351-99906754a03b,"Ehretia buxifolia, Roxb. (Carmonea heterophylla, Blanco.)"
150,Ipomœa hederacea,Ipomoea hederacea,SPECIES_HEADING,"Bulakan, Tag.; Kala-Danah, Indo-Eng.",174,180,1.0,OCR_NAME_MATCH_90_PERCENT_OR_BETTER,Convolvulaceæ.,CANDIDATE_ABSENT_PUBLIC_CATALOG,Ipomoea hederacea,3PW7M,EXACT,100,,,"Exact species-level backbone name match, absent from public 38-record snapshot. Not cleared for insertion, clinical use, photograph or full database uniqueness.",NOT_COMPLETED,NOT_COMPLETED,NOT_COMPLETED,https://api.gbif.org/v2/species/match?scientificName=Ipomoea+hederacea&kingdom=Plantae&checklistKey=7ddf754f-d193-4cc9-b351-99906754a03b,"Ipomœa hederacea, Jacq. (I. nil, Roth.; Convolvulus nil, L. and Blanco.)"
151,Ipomœa pes-capræ,Ipomoea pes-caprae,SPECIES_HEADING,"Katagkatag, Lagayray, Lampayog, Bagasoa, Kamigag, Daripay, Tagaray, Arodayday, Lambayog, Tag., Vis.; Lambayog, Iloc.",175,181,0.9375,OCR_NAME_MATCH_90_PERCENT_OR_BETTER,Convolvulaceæ.,CANDIDATE_ABSENT_PUBLIC_CATALOG,Ipomoea pes-caprae,6MWG8,EXACT,99,,,"Exact species-level backbone name match, absent from public 38-record snapshot. Not cleared for insertion, clinical use, photograph or full database uniqueness.",NOT_COMPLETED,NOT_COMPLETED,NOT_COMPLETED,https://api.gbif.org/v2/species/match?scientificName=Ipomoea+pes-caprae&kingdom=Plantae&checklistKey=7ddf754f-d193-4cc9-b351-99906754a03b,"Ipomœa pes-capræ, Roth. (Convolvulus pes-capræ L. and Blanco.)"
152,Ipomœa Turpethum,Ipomoea turpethum,SPECIES_HEADING,"Albohol, Sp.; Turpeth Root, Indian Jalap, Eng.",176,182,0.9375,OCR_NAME_MATCH_90_PERCENT_OR_BETTER,Convolvulaceæ.,CANDIDATE_ABSENT_PUBLIC_CATALOG,Operculina turpethum,6SNB4,EXACT,100,,,"Exact species-level backbone name match, absent from public 38-record snapshot. Not cleared for insertion, clinical use, photograph or full database uniqueness.",NOT_COMPLETED,NOT_COMPLETED,NOT_COMPLETED,https://api.gbif.org/v2/species/match?scientificName=Ipomoea+turpethum&kingdom=Plantae&checklistKey=7ddf754f-d193-4cc9-b351-99906754a03b,"Ipomœa Turpethum, R. Br. (Convolvulus Turpethum, L.; C. maximus, Blanco.)"
153,Solanum nigrum,Solanum nigrum,SPECIES_HEADING,"Hierba mora, Sp.; Konty, Onty, Gamagamatisan, Tag.; Lagpakon, Bolagtob, Lubilubi, Vis.; Kuty, Lubilubi, Bic.; Black or Common Nightshade, Eng.",176,182,1.0,OCR_NAME_MATCH_90_PERCENT_OR_BETTER,Solanaceæ.,CANDIDATE_ABSENT_PUBLIC_CATALOG,Solanum nigrum,4Y3H2,EXACT,99,,,"Exact species-level backbone name match, absent from public 38-record snapshot. Not cleared for insertion, clinical use, photograph or full database uniqueness.",NOT_COMPLETED,NOT_COMPLETED,NOT_COMPLETED,https://api.gbif.org/v2/species/match?scientificName=Solanum+nigrum&kingdom=Plantae&checklistKey=7ddf754f-d193-4cc9-b351-99906754a03b,"Solanum nigrum, L."
154,Capsicum fastigiatum,Capsicum fastigiatum,SPECIES_HEADING,"Chili picante, Sp.-Fil.; Sili, Tag.; Capsicum, Red Pepper, etc., Eng.",177,183,1.0,OCR_NAME_MATCH_90_PERCENT_OR_BETTER,Solanaceæ.,CANDIDATE_ABSENT_PUBLIC_CATALOG,Capsicum frutescens,QT6C,EXACT,100,,,"Exact species-level backbone name match, absent from public 38-record snapshot. Not cleared for insertion, clinical use, photograph or full database uniqueness.",NOT_COMPLETED,NOT_COMPLETED,NOT_COMPLETED,https://api.gbif.org/v2/species/match?scientificName=Capsicum+fastigiatum&kingdom=Plantae&checklistKey=7ddf754f-d193-4cc9-b351-99906754a03b,"Capsicum fastigiatum, Bl. (C. minimum, Roxb.)"
155,Datura alba,Datura alba,SPECIES_HEADING,"Talamponay, Tag., Pam.; Takbibug̃, Vis.; Dhatura, Indo-Eng.",178,184,1.0,OCR_NAME_MATCH_90_PERCENT_OR_BETTER,Solanaceæ.,HOLD_IDENTITY,Datura L.,426J,HIGHERRANK,98,,,"No unambiguous exact species match; spelling, synonym, rank, homonym or network result needs manual resolution.",NOT_ASSESSED_FOR_ADDITION,NOT_ASSESSED_FOR_ADDITION,NOT_COMPLETED,https://api.gbif.org/v2/species/match?scientificName=Datura+alba&kingdom=Plantae&checklistKey=7ddf754f-d193-4cc9-b351-99906754a03b,"Datura alba, Nees. (D. Metel, Roxb. and Blanco.)"
156,"Nicotiana Tabacum, L.",Nicotiana tabacum,SPECIES_HEADING,"Tabaco, Sp.; Tobacco, Eng.",180,186,1.0,OCR_NAME_MATCH_90_PERCENT_OR_BETTER,Solanaceæ.,CANDIDATE_ABSENT_PUBLIC_CATALOG,Nicotiana tabacum,47D7F,EXACT,99,,,"Exact species-level backbone name match, absent from public 38-record snapshot. Not cleared for insertion, clinical use, photograph or full database uniqueness.",NOT_COMPLETED,NOT_COMPLETED,NOT_COMPLETED,https://api.gbif.org/v2/species/match?scientificName=Nicotiana+tabacum&kingdom=Plantae&checklistKey=7ddf754f-d193-4cc9-b351-99906754a03b,"Nicotiana Tabacum, L."
157,"Limnophila menthastrum,",Limnophila menthastrum,SPECIES_HEADING,"Tala, Taramhampam, Tag.; Talatala, Pam.; Taratara, Iloc.",182,188,1.0,OCR_NAME_MATCH_90_PERCENT_OR_BETTER,Scrophulariaceæ.,CANDIDATE_ABSENT_PUBLIC_CATALOG,Limnophila heterophylla,72D5G,EXACT,100,,,"Exact species-level backbone name match, absent from public 38-record snapshot. Not cleared for insertion, clinical use, photograph or full database uniqueness.",NOT_COMPLETED,NOT_COMPLETED,NOT_COMPLETED,https://api.gbif.org/v2/species/match?scientificName=Limnophila+menthastrum&kingdom=Plantae&checklistKey=7ddf754f-d193-4cc9-b351-99906754a03b,"Limnophila menthastrum, Benth. (Tala odorata, Blanco.)"
158,Oroxylum Indicum,Oroxylum indicum,SPECIES_HEADING,"Pinkapinkahan, Pinkapinka, Taghilaw, Abag̃abag̃, Tag.; Abag̃abag̃, Vis.",183,189,1.0,OCR_NAME_MATCH_90_PERCENT_OR_BETTER,Bignoniaceæ.,CANDIDATE_ABSENT_PUBLIC_CATALOG,Oroxylum indicum,6SVN3,EXACT,100,,,"Exact species-level backbone name match, absent from public 38-record snapshot. Not cleared for insertion, clinical use, photograph or full database uniqueness.",NOT_COMPLETED,NOT_COMPLETED,NOT_COMPLETED,https://api.gbif.org/v2/species/match?scientificName=Oroxylum+indicum&kingdom=Plantae&checklistKey=7ddf754f-d193-4cc9-b351-99906754a03b,"Oroxylum Indicum, Vent. (Bignonia Indica, L.; B. quadripinnata, Blanco; Colosanthes Indica, Bl.)"
159,Sesamum Indicum,Sesamum indicum,SPECIES_HEADING,"Ajonjoli, Sp.; Lig̃á, Tag.; Log̃á, Vis.; Lag̃is, Pam.; Sesamé, Indo-Eng. (Benné Oil, Til Oil, Jinjili Oil.)",184,190,1.0,OCR_NAME_MATCH_90_PERCENT_OR_BETTER,Pedaliaceæ.,CANDIDATE_ABSENT_PUBLIC_CATALOG,Sesamum indicum,4WYTB,EXACT,100,,,"Exact species-level backbone name match, absent from public 38-record snapshot. Not cleared for insertion, clinical use, photograph or full database uniqueness.",NOT_COMPLETED,NOT_COMPLETED,NOT_COMPLETED,https://api.gbif.org/v2/species/match?scientificName=Sesamum+indicum&kingdom=Plantae&checklistKey=7ddf754f-d193-4cc9-b351-99906754a03b,"Sesamum Indicum, L."
160,"Acanthus ilicifolius, L.",Acanthus ilicifolius,SPECIES_HEADING,"Diliwariw, Dolo-ariw, Tig̃log, Lagiwlagiw, Tag.; Titiw, Vis.; Dulawari, Pam.",185,191,1.0,OCR_NAME_MATCH_90_PERCENT_OR_BETTER,Acanthaceæ.,CANDIDATE_ABSENT_PUBLIC_CATALOG,Acanthus ilicifolius,92SS,EXACT,99,,,"Exact species-level backbone name match, absent from public 38-record snapshot. Not cleared for insertion, clinical use, photograph or full database uniqueness.",NOT_COMPLETED,NOT_COMPLETED,NOT_COMPLETED,https://api.gbif.org/v2/species/match?scientificName=Acanthus+ilicifolius&kingdom=Plantae&checklistKey=7ddf754f-d193-4cc9-b351-99906754a03b,"Acanthus ilicifolius, L."
161,"Barleria Prionitis, L.",Barleria prionitis,SPECIES_HEADING,"Kokog̃manok, Kulanta, Tag.",186,192,1.0,OCR_NAME_MATCH_90_PERCENT_OR_BETTER,Acanthaceæ.,CANDIDATE_ABSENT_PUBLIC_CATALOG,Barleria prionitis,KRTP,EXACT,100,,,"Exact species-level backbone name match, absent from public 38-record snapshot. Not cleared for insertion, clinical use, photograph or full database uniqueness.",NOT_COMPLETED,NOT_COMPLETED,NOT_COMPLETED,https://api.gbif.org/v2/species/match?scientificName=Barleria+prionitis&kingdom=Plantae&checklistKey=7ddf754f-d193-4cc9-b351-99906754a03b,"Barleria Prionitis, L. (Barreliera Prionitis, Blanco.)"
162,Justicia Gendarussa,Justicia gendarussa,SPECIES_HEADING,"Kapanitulot, Tag.; Bunlaw, Vis.",187,193,1.0,OCR_NAME_MATCH_90_PERCENT_OR_BETTER,Acanthaceæ.,CANDIDATE_ABSENT_PUBLIC_CATALOG,Justicia gendarussa,3QWDS,EXACT,99,,,"Exact species-level backbone name match, absent from public 38-record snapshot. Not cleared for insertion, clinical use, photograph or full database uniqueness.",NOT_COMPLETED,NOT_COMPLETED,NOT_COMPLETED,https://api.gbif.org/v2/species/match?scientificName=Justicia+gendarussa&kingdom=Plantae&checklistKey=7ddf754f-d193-4cc9-b351-99906754a03b,"Justicia Gendarussa, L. (Gandarussa vulgaris, Nees.; Dianthera subserrata, Blanco.)"
163,Adhatoda vasica,Adhatoda vasica,SPECIES_HEADING,(?),188,194,1.0,OCR_NAME_MATCH_90_PERCENT_OR_BETTER,Acanthaceæ.,CANDIDATE_ABSENT_PUBLIC_CATALOG,Justicia adhatoda,3QVT8,EXACT,100,,,"Exact species-level backbone name match, absent from public 38-record snapshot. Not cleared for insertion, clinical use, photograph or full database uniqueness.",NOT_COMPLETED,NOT_COMPLETED,NOT_COMPLETED,https://api.gbif.org/v2/species/match?scientificName=Adhatoda+vasica&kingdom=Plantae&checklistKey=7ddf754f-d193-4cc9-b351-99906754a03b,"Adhatoda vasica, Nees. (Justicia Adhatoda, L.)"
164,Rhinacanthus communis,Rhinacanthus communis,SPECIES_HEADING,"Tagaktagak, Tag.; Nagamulli, Indo-Eng.",189,195,0.95,OCR_NAME_MATCH_90_PERCENT_OR_BETTER,Acanthaceæ.,CANDIDATE_ABSENT_PUBLIC_CATALOG,Rhinacanthus nasutus,4S74B,EXACT,100,,,"Exact species-level backbone name match, absent from public 38-record snapshot. Not cleared for insertion, clinical use, photograph or full database uniqueness.",NOT_COMPLETED,NOT_COMPLETED,NOT_COMPLETED,https://api.gbif.org/v2/species/match?scientificName=Rhinacanthus+communis&kingdom=Plantae&checklistKey=7ddf754f-d193-4cc9-b351-99906754a03b,"Rhinacanthus communis, Nees. (Justicia nasuta, L.)"
165,Lippia nodiflora,Lippia nodiflora,SPECIES_HEADING,"Tsatsatsatsahan, Chachachachahan, Tag.",190,196,1.0,OCR_NAME_MATCH_90_PERCENT_OR_BETTER,Verbenaceæ.,HOLD_IDENTITY,Phyla nodiflora,4GZ6K,EXACT,98,2 synonym homonyms,,Automatic match warns of homonyms; resolve the book author/context before counting a new herb.,NOT_ASSESSED_FOR_ADDITION,NOT_ASSESSED_FOR_ADDITION,NOT_COMPLETED,https://api.gbif.org/v2/species/match?scientificName=Lippia+nodiflora&kingdom=Plantae&checklistKey=7ddf754f-d193-4cc9-b351-99906754a03b,"Lippia nodiflora, Rich. (Verbena nodiflora, L.; V. capitata, Blanco.)"
166,Tectona grandis,Tectona grandis,SPECIES_HEADING,"Teca, Sp.; Tikla, Tag.; Dalondón, Yate, Kalayati, Vis.; Teak Tree, Eng.",190,196,1.0,OCR_NAME_MATCH_90_PERCENT_OR_BETTER,Verbenaceæ.,CANDIDATE_ABSENT_PUBLIC_CATALOG,Tectona grandis,553LY,EXACT,100,,,"Exact species-level backbone name match, absent from public 38-record snapshot. Not cleared for insertion, clinical use, photograph or full database uniqueness.",NOT_COMPLETED,NOT_COMPLETED,NOT_COMPLETED,https://api.gbif.org/v2/species/match?scientificName=Tectona+grandis&kingdom=Plantae&checklistKey=7ddf754f-d193-4cc9-b351-99906754a03b,"Tectona grandis, L."
167,Vitex trifolia,Vitex trifolia,SPECIES_HEADING,"Lagundi, Tag.; Gapasgapas, Vis.; Dangla, Iloc.",192,198,1.0,OCR_NAME_MATCH_90_PERCENT_OR_BETTER,Verbenaceæ.,CANDIDATE_ABSENT_PUBLIC_CATALOG,Vitex trifolia,5BLDY,EXACT,100,,,"Exact species-level backbone name match, absent from public 38-record snapshot. Not cleared for insertion, clinical use, photograph or full database uniqueness.",NOT_COMPLETED,NOT_COMPLETED,NOT_COMPLETED,https://api.gbif.org/v2/species/match?scientificName=Vitex+trifolia&kingdom=Plantae&checklistKey=7ddf754f-d193-4cc9-b351-99906754a03b,"Vitex trifolia, L. (V. repens, Blanco.)"
168,Vitex Negundo,Vitex negundo,SPECIES_HEADING,"Lagundi, Malawin, Tag.",192,198,1.0,OCR_NAME_MATCH_90_PERCENT_OR_BETTER,Verbenaceæ.,EXISTING_PUBLIC_HERB,Vitex negundo,5BL9P,EXACT,100,,Lagundi,,NOT_ASSESSED_FOR_ADDITION,NOT_ASSESSED_FOR_ADDITION,NOT_COMPLETED,https://api.gbif.org/v2/species/match?scientificName=Vitex+negundo&kingdom=Plantae&checklistKey=7ddf754f-d193-4cc9-b351-99906754a03b,"Vitex Negundo, L. (V. Leucoxylon, Blanco.)"
169,Clerodendron infortunatum,Clerodendron infortunatum,SPECIES_HEADING,"Kasupag̃it, Gubat, Tag.; Salig̃-wak, Vis.",194,200,0.9583333333333334,OCR_NAME_MATCH_90_PERCENT_OR_BETTER,Verbenaceæ.,HOLD_IDENTITY,Clerodendrum L.,8VWBC,HIGHERRANK,96,,,"No unambiguous exact species match; spelling, synonym, rank, homonym or network result needs manual resolution.",NOT_ASSESSED_FOR_ADDITION,NOT_ASSESSED_FOR_ADDITION,NOT_COMPLETED,https://api.gbif.org/v2/species/match?scientificName=Clerodendron+infortunatum&kingdom=Plantae&checklistKey=7ddf754f-d193-4cc9-b351-99906754a03b,"Clerodendron infortunatum, L. (C. fortunatum, Blanco.)"
170,Ocimum basilicum,Ocimum basilicum,SPECIES_HEADING,"Solasi, Tag., Pam.; Bonak, Vis.; Sweet Basil, Eng.",195,201,1.0,OCR_NAME_MATCH_90_PERCENT_OR_BETTER,Labiatæ.,CANDIDATE_ABSENT_PUBLIC_CATALOG,Ocimum basilicum,48GBK,EXACT,100,,,"Exact species-level backbone name match, absent from public 38-record snapshot. Not cleared for insertion, clinical use, photograph or full database uniqueness.",NOT_COMPLETED,NOT_COMPLETED,NOT_COMPLETED,https://api.gbif.org/v2/species/match?scientificName=Ocimum+basilicum&kingdom=Plantae&checklistKey=7ddf754f-d193-4cc9-b351-99906754a03b,"Ocimum basilicum, L. (O. Americanum, Blanco.)"
171,Ocimum gratissimum,Ocimum gratissimum,SPECIES_HEADING,"Lokoloko, Tag., Pam.; Kolonkogon, Vis.",195,201,1.0,OCR_NAME_MATCH_90_PERCENT_OR_BETTER,Labiatæ.,CANDIDATE_ABSENT_PUBLIC_CATALOG,Ocimum gratissimum,6SG7Q,EXACT,99,,,"Exact species-level backbone name match, absent from public 38-record snapshot. Not cleared for insertion, clinical use, photograph or full database uniqueness.",NOT_COMPLETED,NOT_COMPLETED,NOT_COMPLETED,https://api.gbif.org/v2/species/match?scientificName=Ocimum+gratissimum&kingdom=Plantae&checklistKey=7ddf754f-d193-4cc9-b351-99906754a03b,"Ocimum gratissimum, L. (O. virgatum Blanco.)"
172,Ocimum sanctum,Ocimum sanctum,SPECIES_HEADING,"Balanay, Tag.; Sacred Basil, Eng.",195,201,1.0,OCR_NAME_MATCH_90_PERCENT_OR_BETTER,Labiatæ.,CANDIDATE_ABSENT_PUBLIC_CATALOG,Ocimum tenuiflorum,48GKB,EXACT,100,,,"Exact species-level backbone name match, absent from public 38-record snapshot. Not cleared for insertion, clinical use, photograph or full database uniqueness.",NOT_COMPLETED,NOT_COMPLETED,NOT_COMPLETED,https://api.gbif.org/v2/species/match?scientificName=Ocimum+sanctum&kingdom=Plantae&checklistKey=7ddf754f-d193-4cc9-b351-99906754a03b,"Ocimum sanctum, L. (O. flexuosum, Blanco.)"
173,Coleus aromaticus,Coleus aromaticus,SPECIES_HEADING,"Orégano, Sp.-Fil.; Suganda, Tag.; Marjoram, Eng. (The Sp. and Eng. names are incorrect.)",196,202,0.9375,OCR_NAME_MATCH_90_PERCENT_OR_BETTER,Labiatæ.,EXISTING_PUBLIC_HERB,Coleus amboinicus,X22L,EXACT,100,,Oregano,,NOT_ASSESSED_FOR_ADDITION,NOT_ASSESSED_FOR_ADDITION,NOT_COMPLETED,https://api.gbif.org/v2/species/match?scientificName=Coleus+aromaticus&kingdom=Plantae&checklistKey=7ddf754f-d193-4cc9-b351-99906754a03b,"Coleus aromaticus, Benth. (C. suganda, Blanco.)"
174,Rosmarinus officinalis,Rosmarinus officinalis,SPECIES_HEADING,"Romero, Sp.; Rosemary, Eng.",197,203,0.9047619047619048,OCR_NAME_MATCH_90_PERCENT_OR_BETTER,Labiatæ.,CANDIDATE_ABSENT_PUBLIC_CATALOG,Salvia rosmarinus,8X58V,EXACT,100,,,"Exact species-level backbone name match, absent from public 38-record snapshot. Not cleared for insertion, clinical use, photograph or full database uniqueness.",NOT_COMPLETED,NOT_COMPLETED,NOT_COMPLETED,https://api.gbif.org/v2/species/match?scientificName=Rosmarinus+officinalis&kingdom=Plantae&checklistKey=7ddf754f-d193-4cc9-b351-99906754a03b,"Rosmarinus officinalis, L."
175,Anisomeles ovata,Anisomeles ovata,SPECIES_HEADING,"Taligharap, Tag.; Jerusalem Sage, Eng.",198,204,1.0,OCR_NAME_MATCH_90_PERCENT_OR_BETTER,Labiatæ.,HOLD_IDENTITY,,,ERROR,,,,"No unambiguous exact species match; spelling, synonym, rank, homonym or network result needs manual resolution.",NOT_ASSESSED_FOR_ADDITION,NOT_ASSESSED_FOR_ADDITION,NOT_COMPLETED,https://api.gbif.org/v2/species/match?scientificName=Anisomeles+ovata&kingdom=Plantae&checklistKey=7ddf754f-d193-4cc9-b351-99906754a03b,"Anisomeles ovata, R. Br. (Phlomis alba, Blanco.)"
176,Leucas aspera,Leucas aspera,SPECIES_HEADING,"Pansipansi, Solasolasian, Karukansoli, Tag.; Pansipansi, Paypaysi, Vis.",199,205,1.0,OCR_NAME_MATCH_90_PERCENT_OR_BETTER,Labiatæ.,CANDIDATE_ABSENT_PUBLIC_CATALOG,Leucas aspera,6PRX4,EXACT,100,,,"Exact species-level backbone name match, absent from public 38-record snapshot. Not cleared for insertion, clinical use, photograph or full database uniqueness.",NOT_COMPLETED,NOT_COMPLETED,NOT_COMPLETED,https://api.gbif.org/v2/species/match?scientificName=Leucas+aspera&kingdom=Plantae&checklistKey=7ddf754f-d193-4cc9-b351-99906754a03b,"Leucas aspera, Spreng. (Phlomis Zeylanica, Blanco.)"
177,Plantago erosa,Plantago erosa,SPECIES_HEADING,"Llantén, Sp.-Fil.; Lantín, Tag.; Plantain, Eng.",199,205,1.0,OCR_NAME_MATCH_90_PERCENT_OR_BETTER,Plantaginaceæ.,HOLD_IDENTITY,Plantago centralis,8LGJ8,EXACT,100,,,Plantago erosa Wall. in book; unqualified match to Plantago centralis needs authorship review.,NOT_ASSESSED_FOR_ADDITION,NOT_ASSESSED_FOR_ADDITION,NOT_COMPLETED,https://api.gbif.org/v2/species/match?scientificName=Plantago+erosa&kingdom=Plantae&checklistKey=7ddf754f-d193-4cc9-b351-99906754a03b,"Plantago erosa, Wall. (P. crenata and media, Blanco.)"
178,Mirabilis Jalapa,Mirabilis jalapa,SPECIES_HEADING,"Maravillas, Suspiros, Sp.-Fil.; Gilalas, Tag.; Four O’Clock, Marvel of Peru, Eng.",199,205,1.0,OCR_NAME_MATCH_90_PERCENT_OR_BETTER,Nyctaginaceæ.,CANDIDATE_ABSENT_PUBLIC_CATALOG,Mirabilis jalapa,43LGW,EXACT,100,,,"Exact species-level backbone name match, absent from public 38-record snapshot. Not cleared for insertion, clinical use, photograph or full database uniqueness.",NOT_COMPLETED,NOT_COMPLETED,NOT_COMPLETED,https://api.gbif.org/v2/species/match?scientificName=Mirabilis+jalapa&kingdom=Plantae&checklistKey=7ddf754f-d193-4cc9-b351-99906754a03b,"Mirabilis Jalapa, L. (M. longiflora, Blanco.)"
179,Amaranthus spinosus,Amaranthus spinosus,SPECIES_HEADING,"Kilitis, Orayi, Tag.; Ayantoto, Pam.; Kalitis, Tilites, Bayag̃-bayag̃, Vis.; Kuanton, Iloc.; Thorny Amaranth, Eng.",200,206,1.0,OCR_NAME_MATCH_90_PERCENT_OR_BETTER,Amaranthaceæ.,CANDIDATE_ABSENT_PUBLIC_CATALOG,Amaranthus spinosus,CH6S,EXACT,100,,,"Exact species-level backbone name match, absent from public 38-record snapshot. Not cleared for insertion, clinical use, photograph or full database uniqueness.",NOT_COMPLETED,NOT_COMPLETED,NOT_COMPLETED,https://api.gbif.org/v2/species/match?scientificName=Amaranthus+spinosus&kingdom=Plantae&checklistKey=7ddf754f-d193-4cc9-b351-99906754a03b,"Amaranthus spinosus, L."
180,Achyranthes obtusifolia,Achyranthes obtusifolia,SPECIES_HEADING,"Hangor, Hangot, Dokotdekot, Libay, Tag.; Angod, Pam.",201,207,1.0,OCR_NAME_MATCH_90_PERCENT_OR_BETTER,Amaranthaceæ.,CANDIDATE_ABSENT_PUBLIC_CATALOG,Achyranthes aspera,9967,EXACT,100,,,"Exact species-level backbone name match, absent from public 38-record snapshot. Not cleared for insertion, clinical use, photograph or full database uniqueness.",NOT_COMPLETED,NOT_COMPLETED,NOT_COMPLETED,https://api.gbif.org/v2/species/match?scientificName=Achyranthes+obtusifolia&kingdom=Plantae&checklistKey=7ddf754f-d193-4cc9-b351-99906754a03b,"Achyranthes obtusifolia, Lam. (A. aspera, Blanco.)"
181,Chenopodium ambrosioides,Chenopodium ambrosioides,SPECIES_HEADING,"Alpasotes, Sp.-Fil.; Pasotis, Apasotis, Tag.; American Worm-seed, Mexican Tea, Eng.",202,208,1.0,OCR_NAME_MATCH_90_PERCENT_OR_BETTER,Chenopodiacæ.,CANDIDATE_ABSENT_PUBLIC_CATALOG,Chenopodium ambrosioides,VL86S,EXACT,99,,,"Exact species-level backbone name match, absent from public 38-record snapshot. Not cleared for insertion, clinical use, photograph or full database uniqueness.",NOT_COMPLETED,NOT_COMPLETED,NOT_COMPLETED,https://api.gbif.org/v2/species/match?scientificName=Chenopodium+ambrosioides&kingdom=Plantae&checklistKey=7ddf754f-d193-4cc9-b351-99906754a03b,"Chenopodium ambrosioides, L."
182,Aristolochia Indica,Aristolochia indica,SPECIES_HEADING,"Timbag̃an, Malaubi, Tag.; Indian Birthwort, Eng.",203,209,1.0,OCR_NAME_MATCH_90_PERCENT_OR_BETTER,Aristolochiaceæ.,CANDIDATE_ABSENT_PUBLIC_CATALOG,Aristolochia indica,GPWW,EXACT,100,,,"Exact species-level backbone name match, absent from public 38-record snapshot. Not cleared for insertion, clinical use, photograph or full database uniqueness.",NOT_COMPLETED,NOT_COMPLETED,NOT_COMPLETED,https://api.gbif.org/v2/species/match?scientificName=Aristolochia+indica&kingdom=Plantae&checklistKey=7ddf754f-d193-4cc9-b351-99906754a03b,"Aristolochia Indica, L."
183,Piper Betle,Piper betle,SPECIES_HEADING,"Hojas de buyo, Sp.-Fil.; Itmó, Tag.; Mamin, Bic.; Buyo, Mamón, Vis.; Samat, Pam.; Betel Pepper, Eng. [205]",204,210,1.0,OCR_NAME_MATCH_90_PERCENT_OR_BETTER,Piperaceæ.,CANDIDATE_ABSENT_PUBLIC_CATALOG,Piper betle,4J3C8,EXACT,100,,,"Exact species-level backbone name match, absent from public 38-record snapshot. Not cleared for insertion, clinical use, photograph or full database uniqueness.",NOT_COMPLETED,NOT_COMPLETED,NOT_COMPLETED,https://api.gbif.org/v2/species/match?scientificName=Piper+betle&kingdom=Plantae&checklistKey=7ddf754f-d193-4cc9-b351-99906754a03b,"Piper Betle, L. (Chavica Betle and C. auriculata, Miq.; Piper Betel, Blanco.)"
184,Piper nigrum,Piper nigrum,SPECIES_HEADING,"Pimienta, Sp.; Paminta, Malisa, Tag.; Black Pepper, Eng.",206,212,1.0,OCR_NAME_MATCH_90_PERCENT_OR_BETTER,Piperaceæ.,CANDIDATE_ABSENT_PUBLIC_CATALOG,Piper nigrum,4J4Z3,EXACT,99,,,"Exact species-level backbone name match, absent from public 38-record snapshot. Not cleared for insertion, clinical use, photograph or full database uniqueness.",NOT_COMPLETED,NOT_COMPLETED,NOT_COMPLETED,https://api.gbif.org/v2/species/match?scientificName=Piper+nigrum&kingdom=Plantae&checklistKey=7ddf754f-d193-4cc9-b351-99906754a03b,"Piper nigrum, L."
185,Chloranthus officinalis,Chloranthus officinalis,SPECIES_HEADING,Unknown.,207,213,1.0,OCR_NAME_MATCH_90_PERCENT_OR_BETTER,Chloranthaceæ.,CANDIDATE_ABSENT_PUBLIC_CATALOG,Chloranthus officinalis,5Y8WH,EXACT,100,,,"Exact species-level backbone name match, absent from public 38-record snapshot. Not cleared for insertion, clinical use, photograph or full database uniqueness.",NOT_COMPLETED,NOT_COMPLETED,NOT_COMPLETED,https://api.gbif.org/v2/species/match?scientificName=Chloranthus+officinalis&kingdom=Plantae&checklistKey=7ddf754f-d193-4cc9-b351-99906754a03b,"Chloranthus officinalis, Bl. (C. Indicus, Wight.; C. inconspicuus, Blanco.)"
186,Cinnamomum pauciflorum,Cinnamomum pauciflorum,SPECIES_HEADING,,208,214,1.0,OCR_NAME_MATCH_90_PERCENT_OR_BETTER,Lauraceæ.,HOLD_IDENTITY,Cinnamomum Schaeff.,3PZP,HIGHERRANK,98,,,Cinnamomum pauciflorum Nees. / Laurus culilaban in book must be resolved before comparison with existing Kalingag.,NOT_ASSESSED_FOR_ADDITION,NOT_ASSESSED_FOR_ADDITION,NOT_COMPLETED,https://api.gbif.org/v2/species/match?scientificName=Cinnamomum+pauciflorum&kingdom=Plantae&checklistKey=7ddf754f-d193-4cc9-b351-99906754a03b,"Cinnamomum pauciflorum, Nees. (Laurus culilaban, Var., Blanco.)"
187,C. tamala,Cinnamomum tamala,SPECIES_HEADING,"(of both).—Kalig̃ag, Makalig̃ag, Tag., Vis.; Kandaroma, Iloc; Cassia Lignea or Cassia, Eng.",208,214,0.8571428571428571,VISUAL_CORROBORATION,Lauraceæ.,HOLD_IDENTITY,Cinnamomum tamala,5Z74T,EXACT,100,,,Book applies Kalingag to both Cinnamomum tamala and C. pauciflorum; catalog Kalingag is C. mercadoi. Local-name collision needs historical identification review.,NOT_ASSESSED_FOR_ADDITION,NOT_ASSESSED_FOR_ADDITION,NOT_COMPLETED,https://api.gbif.org/v2/species/match?scientificName=Cinnamomum+tamala&kingdom=Plantae&checklistKey=7ddf754f-d193-4cc9-b351-99906754a03b,"C. tamala, Nees. (L. culilaban, Blanco.)"
188,Cassytha filiformis,Cassytha filiformis,SPECIES_HEADING,Malabohok.,209,215,1.0,OCR_NAME_MATCH_90_PERCENT_OR_BETTER,Lauraceæ.,CANDIDATE_ABSENT_PUBLIC_CATALOG,Cassytha filiformis,RNLM,EXACT,99,,,"Exact species-level backbone name match, absent from public 38-record snapshot. Not cleared for insertion, clinical use, photograph or full database uniqueness.",NOT_COMPLETED,NOT_COMPLETED,NOT_COMPLETED,https://api.gbif.org/v2/species/match?scientificName=Cassytha+filiformis&kingdom=Plantae&checklistKey=7ddf754f-d193-4cc9-b351-99906754a03b,"Cassytha filiformis, L."
189,Euphorbia pilulifera,Euphorbia pilulifera,SPECIES_HEADING,"Golondrina, Sp.-Fil.; Gatasgatas, Batobatonis, Sayikan, Tag.; Buyayawa, Tawawa, Bowi, Vis.; Malismalis, Sisiwhan, Bolobotones, Magatas, Pam.",210,216,1.0,OCR_NAME_MATCH_90_PERCENT_OR_BETTER,Euphorbiaceæ.,HOLD_IDENTITY,Euphorbia parviflora,3CQ5J,EXACT,100,,,Book groups Euphorbia pilulifera with E. hirta; automatic E. parviflora is not adequate historical identification.,NOT_ASSESSED_FOR_ADDITION,NOT_ASSESSED_FOR_ADDITION,NOT_COMPLETED,https://api.gbif.org/v2/species/match?scientificName=Euphorbia+pilulifera&kingdom=Plantae&checklistKey=7ddf754f-d193-4cc9-b351-99906754a03b,"Euphorbia pilulifera, L. (E. capitata, Lam.; E. hirta, Blanco.)"
190,Euphorbia neriifolia,Euphorbia neriifolia,SPECIES_HEADING,"Sorosoro, Sorog-sorog, Bait, Tag., Pam.; Karambauaya, Iloc.; Lengua de perro, Sp.-Fil.",212,218,1.0,OCR_NAME_MATCH_90_PERCENT_OR_BETTER,Euphorbiaceæ.,CANDIDATE_ABSENT_PUBLIC_CATALOG,Euphorbia neriifolia,3CPXB,EXACT,99,,,"Exact species-level backbone name match, absent from public 38-record snapshot. Not cleared for insertion, clinical use, photograph or full database uniqueness.",NOT_COMPLETED,NOT_COMPLETED,NOT_COMPLETED,https://api.gbif.org/v2/species/match?scientificName=Euphorbia+neriifolia&kingdom=Plantae&checklistKey=7ddf754f-d193-4cc9-b351-99906754a03b,"Euphorbia neriifolia, L. (E. ligularia, Roxb.; E. pentagona, Blanco.)"
191,Euphorbia Tirucalli,Euphorbia tirucalli,SPECIES_HEADING,"Consuelda, Sp.-Fil.; Katwit, Suelda, Tag.",213,219,1.0,OCR_NAME_MATCH_90_PERCENT_OR_BETTER,Euphorbiaceæ.,CANDIDATE_ABSENT_PUBLIC_CATALOG,Euphorbia tirucalli,3CQZM,EXACT,99,,,"Exact species-level backbone name match, absent from public 38-record snapshot. Not cleared for insertion, clinical use, photograph or full database uniqueness.",NOT_COMPLETED,NOT_COMPLETED,NOT_COMPLETED,https://api.gbif.org/v2/species/match?scientificName=Euphorbia+tirucalli&kingdom=Plantae&checklistKey=7ddf754f-d193-4cc9-b351-99906754a03b,"Euphorbia Tirucalli, L."
192,Phyllanthus reticulatus,Phyllanthus reticulatus,SPECIES_HEADING,"Tinatinaan, Tintatintahan, Malinta, Tag.; Sug̃ot-olag̃, Vis.",214,220,1.0,OCR_NAME_MATCH_90_PERCENT_OR_BETTER,Euphorbiaceæ.,CANDIDATE_ABSENT_PUBLIC_CATALOG,Kirganelia reticulata,3R8FX,EXACT,100,,,"Exact species-level backbone name match, absent from public 38-record snapshot. Not cleared for insertion, clinical use, photograph or full database uniqueness.",NOT_COMPLETED,NOT_COMPLETED,NOT_COMPLETED,https://api.gbif.org/v2/species/match?scientificName=Phyllanthus+reticulatus&kingdom=Plantae&checklistKey=7ddf754f-d193-4cc9-b351-99906754a03b,"Phyllanthus reticulatus, Müll. (Cica decandra, Blanco.)"
193,Phyllanthus Niruri,Phyllanthus niruri,SPECIES_HEADING,,214,220,1.0,OCR_NAME_MATCH_90_PERCENT_OR_BETTER,Euphorbiaceæ.,HOLD_IDENTITY,Phyllanthus niruri,4H47G,EXACT,99,,,Phyllanthus niruri historical Philippine usage requires separation from related species/misapplications.,NOT_ASSESSED_FOR_ADDITION,NOT_ASSESSED_FOR_ADDITION,NOT_COMPLETED,https://api.gbif.org/v2/species/match?scientificName=Phyllanthus+niruri&kingdom=Plantae&checklistKey=7ddf754f-d193-4cc9-b351-99906754a03b,"Phyllanthus Niruri, L."
194,P. urinaria,Phyllanthus urinaria,SPECIES_HEADING,"Hierba de San Pablo, de San Pedro, Sp.",214,220,1.0,OCR_NAME_MATCH_90_PERCENT_OR_BETTER,Euphorbiaceæ.,CANDIDATE_ABSENT_PUBLIC_CATALOG,Emblica urinaria,NSDWN,EXACT,100,,,"Exact species-level backbone name match, absent from public 38-record snapshot. Not cleared for insertion, clinical use, photograph or full database uniqueness.",NOT_COMPLETED,NOT_COMPLETED,NOT_COMPLETED,https://api.gbif.org/v2/species/match?scientificName=Phyllanthus+urinaria&kingdom=Plantae&checklistKey=7ddf754f-d193-4cc9-b351-99906754a03b,"P. urinaria, L."
195,Jatropha Curcas,Jatropha curcas,SPECIES_HEADING,"Tuba, Tag.; Kasla, Vis.; Tawatawa, Iloc. (Seeds called “English Physic Nuts” in India.)",215,221,0.9285714285714286,OCR_NAME_MATCH_90_PERCENT_OR_BETTER,Euphorbiaceæ.,CANDIDATE_ABSENT_PUBLIC_CATALOG,Jatropha curcas,3QN84,EXACT,99,,,"Exact species-level backbone name match, absent from public 38-record snapshot. Not cleared for insertion, clinical use, photograph or full database uniqueness.",NOT_COMPLETED,NOT_COMPLETED,NOT_COMPLETED,https://api.gbif.org/v2/species/match?scientificName=Jatropha+curcas&kingdom=Plantae&checklistKey=7ddf754f-d193-4cc9-b351-99906754a03b,"Jatropha Curcas, L."
196,Aleurites Moluccana,Aleurites moluccana,SPECIES_HEADING,"Lumbán, Kapili, Tag.; Belgaum or Indian Walnut, Indo-Eng.",217,223,1.0,OCR_NAME_MATCH_90_PERCENT_OR_BETTER,Euphorbiaceæ.,HOLD_IDENTITY,Aleurites moluccanus,BPW8,VARIANT,97,,,"No unambiguous exact species match; spelling, synonym, rank, homonym or network result needs manual resolution.",NOT_ASSESSED_FOR_ADDITION,NOT_ASSESSED_FOR_ADDITION,NOT_COMPLETED,https://api.gbif.org/v2/species/match?scientificName=Aleurites+moluccana&kingdom=Plantae&checklistKey=7ddf754f-d193-4cc9-b351-99906754a03b,"Aleurites Moluccana, Willd. (A. triloba, Forst. and Blanco.)"
197,Croton Tiglium,Croton tiglium,SPECIES_HEADING,"Tuba kamaisa, Tag.; The Purging Croton, Eng.",218,224,0.9230769230769231,OCR_NAME_MATCH_90_PERCENT_OR_BETTER,Euphorbiaceæ.,CANDIDATE_ABSENT_PUBLIC_CATALOG,Croton tiglium,6BJW4,EXACT,100,,,"Exact species-level backbone name match, absent from public 38-record snapshot. Not cleared for insertion, clinical use, photograph or full database uniqueness.",NOT_COMPLETED,NOT_COMPLETED,NOT_COMPLETED,https://api.gbif.org/v2/species/match?scientificName=Croton+tiglium&kingdom=Plantae&checklistKey=7ddf754f-d193-4cc9-b351-99906754a03b,"Croton Tiglium, L. (C. glandulosum, C. muricatum, Blanco.)"
198,Acalypha Indica,Acalypha indica,SPECIES_HEADING,Not known.,219,225,1.0,OCR_NAME_MATCH_90_PERCENT_OR_BETTER,Euphorbiaceæ.,CANDIDATE_ABSENT_PUBLIC_CATALOG,Acalypha indica,8S36,EXACT,99,,,"Exact species-level backbone name match, absent from public 38-record snapshot. Not cleared for insertion, clinical use, photograph or full database uniqueness.",NOT_COMPLETED,NOT_COMPLETED,NOT_COMPLETED,https://api.gbif.org/v2/species/match?scientificName=Acalypha+indica&kingdom=Plantae&checklistKey=7ddf754f-d193-4cc9-b351-99906754a03b,"Acalypha Indica, L. (A. Caroliniana, Blanco.)"
199,Echinus Philippensis,Echinus philippensis,SPECIES_HEADING,"Banato, Tag.; Buas, Vuas, Iloc.; Monkey-face Tree, Kamala or Kamala Dye, Indo-Eng.",220,226,1.0,OCR_NAME_MATCH_90_PERCENT_OR_BETTER,Euphorbiaceæ.,CANDIDATE_ABSENT_PUBLIC_CATALOG,Mallotus philippensis,3XQ22,EXACT,100,,,"Exact species-level backbone name match, absent from public 38-record snapshot. Not cleared for insertion, clinical use, photograph or full database uniqueness.",NOT_COMPLETED,NOT_COMPLETED,NOT_COMPLETED,https://api.gbif.org/v2/species/match?scientificName=Echinus+philippensis&kingdom=Plantae&checklistKey=7ddf754f-d193-4cc9-b351-99906754a03b,"Echinus Philippensis, H. Baillon. (Croton Philippense, Lamk.; Rottlera tinctoria, Roxb.; Mallotus Philippensis, Müll.)"
200,Ricinus communis,Ricinus communis,SPECIES_HEADING,"Tag̃antag̃an, Lig̃asina, Tag.; Tag̃antag̃an, Tawatawasig̃a, Iloc.; Castor Oil Plant, Eng.",222,228,1.0,OCR_NAME_MATCH_90_PERCENT_OR_BETTER,Euphorbiaceæ.,CANDIDATE_ABSENT_PUBLIC_CATALOG,Ricinus communis,4T27V,EXACT,99,,,"Exact species-level backbone name match, absent from public 38-record snapshot. Not cleared for insertion, clinical use, photograph or full database uniqueness.",NOT_COMPLETED,NOT_COMPLETED,NOT_COMPLETED,https://api.gbif.org/v2/species/match?scientificName=Ricinus+communis&kingdom=Plantae&checklistKey=7ddf754f-d193-4cc9-b351-99906754a03b,"Ricinus communis, L. (Variety microcarpus, Müll.)"
201,Artocarpus integrifolia,Artocarpus integrifolia,SPECIES_HEADING,"Nag̃ka, Tag.; Jack Fruit Tree, Eng.",223,229,1.0,OCR_NAME_MATCH_90_PERCENT_OR_BETTER,Urticaceæ.,HOLD_IDENTITY,Artocarpus integer,H25Y,VARIANT,96,2 synonym homonyms,,"Book says Langka / Jackfruit, but automated Artocarpus integer mapping conflicts with existing Artocarpus heterophyllus. Possible duplicate: do not add.",NOT_ASSESSED_FOR_ADDITION,NOT_ASSESSED_FOR_ADDITION,NOT_COMPLETED,https://api.gbif.org/v2/species/match?scientificName=Artocarpus+integrifolia&kingdom=Plantae&checklistKey=7ddf754f-d193-4cc9-b351-99906754a03b,"Artocarpus integrifolia, Willd."
202,Laportea gaudichaudiana,Laportea gaudichaudiana,SPECIES_HEADING,"Lig̃aton, Lipa, Apariagua (?), Tag., Vis.; Lipag̃doton, Pam.",224,230,1.0,OCR_NAME_MATCH_90_PERCENT_OR_BETTER,Urticaceæ.,CANDIDATE_ABSENT_PUBLIC_CATALOG,Dendrocnide meyeniana,34PNM,EXACT,100,,,"Exact species-level backbone name match, absent from public 38-record snapshot. Not cleared for insertion, clinical use, photograph or full database uniqueness.",NOT_COMPLETED,NOT_COMPLETED,NOT_COMPLETED,https://api.gbif.org/v2/species/match?scientificName=Laportea+gaudichaudiana&kingdom=Plantae&checklistKey=7ddf754f-d193-4cc9-b351-99906754a03b,"Laportea gaudichaudiana, Wedd. (Urtica umbellata, U. ferox, Blanco.)"
203,Casuarina Sumatrana,Casuarina sumatrana,SPECIES_HEADING,"Agoho, Tag.; Malabohok, Agoho, Vis.; Aro, Karo, Agoó, Iloc.",225,231,1.0,OCR_NAME_MATCH_90_PERCENT_OR_BETTER,Casuarineæ.,HOLD_IDENTITY,Gymnostoma sumatranum,3HV5K,EXACT,99,2 synonym homonyms,,Automatic match warns of homonyms; resolve the book author/context before counting a new herb.,NOT_ASSESSED_FOR_ADDITION,NOT_ASSESSED_FOR_ADDITION,NOT_COMPLETED,https://api.gbif.org/v2/species/match?scientificName=Casuarina+sumatrana&kingdom=Plantae&checklistKey=7ddf754f-d193-4cc9-b351-99906754a03b,"Casuarina Sumatrana, Jung. (C. equisetifolia, Blanco.)"
204,Musa paradisiaca,Musa paradisiaca,SPECIES_HEADING,,227,233,1.0,OCR_NAME_MATCH_90_PERCENT_OR_BETTER,Musaceæ.,HOLD_IDENTITY,Musa paradisiaca,6RQNL,EXACT,100,,,Musa paradisiaca/sapientum hybrid and cultivar concepts need modern interpretation.,NOT_ASSESSED_FOR_ADDITION,NOT_ASSESSED_FOR_ADDITION,NOT_COMPLETED,https://api.gbif.org/v2/species/match?scientificName=Musa+paradisiaca&kingdom=Plantae&checklistKey=7ddf754f-d193-4cc9-b351-99906754a03b,"Musa paradisiaca, L."
205,M. sapientum,Musa sapientum,SPECIES_HEADING,"Plátano, Sp.; Sagig̃, Tag., etc.; Banana, Eng.",227,233,0.9,OCR_NAME_MATCH_90_PERCENT_OR_BETTER,Musaceæ.,HOLD_IDENTITY,Musa paradisiaca,6RQNL,EXACT,100,,,Musa sapientum maps to Musa paradisiaca but historical cultivar concept is unresolved; do not count as a second herb.,NOT_ASSESSED_FOR_ADDITION,NOT_ASSESSED_FOR_ADDITION,NOT_COMPLETED,https://api.gbif.org/v2/species/match?scientificName=Musa+sapientum&kingdom=Plantae&checklistKey=7ddf754f-d193-4cc9-b351-99906754a03b,"M. sapientum, L."
206,Zingiber officinale,Zingiber officinale,SPECIES_HEADING,"Ajengibre, Jengibre, Sp.; Luya, Tag.; Laya, Bic.; Ginger, Eng.",228,234,1.0,OCR_NAME_MATCH_90_PERCENT_OR_BETTER,Zingiberaceæ.,EXISTING_PUBLIC_HERB,Zingiber officinale,5D5GX,EXACT,100,,Luya,,NOT_ASSESSED_FOR_ADDITION,NOT_ASSESSED_FOR_ADDITION,NOT_COMPLETED,https://api.gbif.org/v2/species/match?scientificName=Zingiber+officinale&kingdom=Plantae&checklistKey=7ddf754f-d193-4cc9-b351-99906754a03b,"Zingiber officinale, L. (Amomum zingiber, L. and Blanco.)"
207,Curcuma longa,Curcuma longa,SPECIES_HEADING,"Dilaw, Tag.; Dulaw, Kalawaga, Kinamboy, Vis.; Ag̃ay, Pam.; Turmeric Plant, Eng.",229,235,1.0,OCR_NAME_MATCH_90_PERCENT_OR_BETTER,Zingiberaceæ.,EXISTING_PUBLIC_HERB,Curcuma longa,32K27,EXACT,100,,Luyang dilaw,,NOT_ASSESSED_FOR_ADDITION,NOT_ASSESSED_FOR_ADDITION,NOT_COMPLETED,https://api.gbif.org/v2/species/match?scientificName=Curcuma+longa&kingdom=Plantae&checklistKey=7ddf754f-d193-4cc9-b351-99906754a03b,"Curcuma longa, L."
208,Elettaria Cardamomum,Elettaria cardamomum,SPECIES_HEADING,"Lag̃kuas, Lag̃kawas, Vis.; Cardamon, Eng. [231]",230,236,1.0,OCR_NAME_MATCH_90_PERCENT_OR_BETTER,Zingiberaceæ.,CANDIDATE_ABSENT_PUBLIC_CATALOG,Elettaria cardamomum,6F4H8,EXACT,100,,,"Exact species-level backbone name match, absent from public 38-record snapshot. Not cleared for insertion, clinical use, photograph or full database uniqueness.",NOT_COMPLETED,NOT_COMPLETED,NOT_COMPLETED,https://api.gbif.org/v2/species/match?scientificName=Elettaria+cardamomum&kingdom=Plantae&checklistKey=7ddf754f-d193-4cc9-b351-99906754a03b,"Elettaria Cardamomum, White."
209,"Crinum Asiaticum, L.",Crinum asiaticum,SPECIES_HEADING,"Bakog̃, Tag.",231,237,1.0,OCR_NAME_MATCH_90_PERCENT_OR_BETTER,Amaryllidaceæ.,CANDIDATE_ABSENT_PUBLIC_CATALOG,Crinum asiaticum,ZGP8,EXACT,100,,,"Exact species-level backbone name match, absent from public 38-record snapshot. Not cleared for insertion, clinical use, photograph or full database uniqueness.",NOT_COMPLETED,NOT_COMPLETED,NOT_COMPLETED,https://api.gbif.org/v2/species/match?scientificName=Crinum+asiaticum&kingdom=Plantae&checklistKey=7ddf754f-d193-4cc9-b351-99906754a03b,"Crinum Asiaticum, L. (C. giganteum, Blanco.)"
210,Aloes Barbadensis,Aloes barbadensis,SPECIES_HEADING,"Sabila, Tag.; Dilag̃ boaya, Vis.; Aloes, Eng.",232,238,1.0,OCR_NAME_MATCH_90_PERCENT_OR_BETTER,Liliaceæ.,EXISTING_PUBLIC_HERB,Aloe vera,C46V,VARIANT,95,,Sabila,Book spelling Aloes; Aloe barbadensis synonym needs distinction from unrelated aloes. Catalog Sabila.,NOT_ASSESSED_FOR_ADDITION,NOT_ASSESSED_FOR_ADDITION,NOT_COMPLETED,https://api.gbif.org/v2/species/match?scientificName=Aloes+barbadensis&kingdom=Plantae&checklistKey=7ddf754f-d193-4cc9-b351-99906754a03b,"Aloes Barbadensis, Mill. (A. humilis, Blanco; A. vera, L.; A. vulgaris, Banck.; A. Indica, Royl.)"
211,Allium sativum,Allium sativum,SPECIES_HEADING,"Ajo, Sp.; Bawag̃, Tag.; Garlic, Eng.",233,239,1.0,OCR_NAME_MATCH_90_PERCENT_OR_BETTER,Liliaceæ.,EXISTING_PUBLIC_HERB,Allium sativum,6697C,EXACT,100,,Bawang,,NOT_ASSESSED_FOR_ADDITION,NOT_ASSESSED_FOR_ADDITION,NOT_COMPLETED,https://api.gbif.org/v2/species/match?scientificName=Allium+sativum&kingdom=Plantae&checklistKey=7ddf754f-d193-4cc9-b351-99906754a03b,"Allium sativum, L."
212,Allium Cepa,Allium cepa,SPECIES_HEADING,"Cebolla, Sp.; Lasuna, Sibuyas, Tag.; Onion, Eng. [234]",233,239,1.0,OCR_NAME_MATCH_90_PERCENT_OR_BETTER,Liliaceæ.,EXISTING_PUBLIC_HERB,Allium cepa,667JH,EXACT,100,,Sibuyas,,NOT_ASSESSED_FOR_ADDITION,NOT_ASSESSED_FOR_ADDITION,NOT_COMPLETED,https://api.gbif.org/v2/species/match?scientificName=Allium+cepa&kingdom=Plantae&checklistKey=7ddf754f-d193-4cc9-b351-99906754a03b,"Allium Cepa, L."
213,Areca Catechu,Areca catechu,SPECIES_HEADING,"Bog̃a, Tag.; Betel-nut Palm, Areca, Eng.",234,240,1.0,OCR_NAME_MATCH_90_PERCENT_OR_BETTER,Palmæ.,CANDIDATE_ABSENT_PUBLIC_CATALOG,Areca catechu,5W3FK,EXACT,100,,,"Exact species-level backbone name match, absent from public 38-record snapshot. Not cleared for insertion, clinical use, photograph or full database uniqueness.",NOT_COMPLETED,NOT_COMPLETED,NOT_COMPLETED,https://api.gbif.org/v2/species/match?scientificName=Areca+catechu&kingdom=Plantae&checklistKey=7ddf754f-d193-4cc9-b351-99906754a03b,"Areca Catechu, L."
214,Cocos nucifera,Cocos nucifera,SPECIES_HEADING,"Coco, Sp.-Fil.; Niog, Tag.; Coco-nut Palm, Eng.",236,242,1.0,OCR_NAME_MATCH_90_PERCENT_OR_BETTER,Palmæ.,CANDIDATE_ABSENT_PUBLIC_CATALOG,Cocos nucifera,WP6H,EXACT,100,,,"Exact species-level backbone name match, absent from public 38-record snapshot. Not cleared for insertion, clinical use, photograph or full database uniqueness.",NOT_COMPLETED,NOT_COMPLETED,NOT_COMPLETED,https://api.gbif.org/v2/species/match?scientificName=Cocos+nucifera&kingdom=Plantae&checklistKey=7ddf754f-d193-4cc9-b351-99906754a03b,"Cocos nucifera, L."
215,Nipa fruticans,Nipa fruticans,SPECIES_HEADING,"Nipa, Sp.-Fil.; Sasa, Tag.",238,244,1.0,OCR_NAME_MATCH_90_PERCENT_OR_BETTER,Palmæ.,CANDIDATE_ABSENT_PUBLIC_CATALOG,Nypa fruticans,487CM,EXACT,100,,,"Exact species-level backbone name match, absent from public 38-record snapshot. Not cleared for insertion, clinical use, photograph or full database uniqueness.",NOT_COMPLETED,NOT_COMPLETED,NOT_COMPLETED,https://api.gbif.org/v2/species/match?scientificName=Nipa+fruticans&kingdom=Plantae&checklistKey=7ddf754f-d193-4cc9-b351-99906754a03b,"Nipa fruticans, Wurmb."
216,Cyperus rotundus,Cyperus rotundus,SPECIES_HEADING,"Mutha, Tag.; Botobotones, Vis.; Mota, Malaapolid, Sursur, Onoran, Kusug̃, Omadiug̃, Galonalpas, Pam.; Nutgrass or Coco-grass, Eng.",239,245,1.0,OCR_NAME_MATCH_90_PERCENT_OR_BETTER,Cyperaceæ.,CANDIDATE_ABSENT_PUBLIC_CATALOG,Cyperus rotundus,33DCV,EXACT,99,,,"Exact species-level backbone name match, absent from public 38-record snapshot. Not cleared for insertion, clinical use, photograph or full database uniqueness.",NOT_COMPLETED,NOT_COMPLETED,NOT_COMPLETED,https://api.gbif.org/v2/species/match?scientificName=Cyperus+rotundus&kingdom=Plantae&checklistKey=7ddf754f-d193-4cc9-b351-99906754a03b,"Cyperus rotundus, L."
217,Zea Mays,Zea mays,SPECIES_HEADING,"Maíz, Sp.; Maize, Corn, Eng.",240,246,1.0,OCR_NAME_MATCH_90_PERCENT_OR_BETTER,Gramineæ.,CANDIDATE_ABSENT_PUBLIC_CATALOG,Zea mays,5CXX5,EXACT,99,,,"Exact species-level backbone name match, absent from public 38-record snapshot. Not cleared for insertion, clinical use, photograph or full database uniqueness.",NOT_COMPLETED,NOT_COMPLETED,NOT_COMPLETED,https://api.gbif.org/v2/species/match?scientificName=Zea+mays&kingdom=Plantae&checklistKey=7ddf754f-d193-4cc9-b351-99906754a03b,"Zea Mays, L."
218,Andropogon Schoenanthes,Andropogon schoenanthes,SPECIES_HEADING,"Salay, Tag̃lad, Tag.; Paja de Meca, Sp.-Fil.; Baliyoko, Vis.; Geranium Grass, Eng. [241]",240,246,1.0,OCR_NAME_MATCH_90_PERCENT_OR_BETTER,Gramineæ.,HOLD_IDENTITY,,,ERROR,,,,"No unambiguous exact species match; spelling, synonym, rank, homonym or network result needs manual resolution.",NOT_ASSESSED_FOR_ADDITION,NOT_ASSESSED_FOR_ADDITION,NOT_COMPLETED,https://api.gbif.org/v2/species/match?scientificName=Andropogon+schoenanthes&kingdom=Plantae&checklistKey=7ddf754f-d193-4cc9-b351-99906754a03b,"Andropogon Schoenanthes, L."
219,Saccharum officinarum,Saccharum officinarum,SPECIES_HEADING,"Cañamiel, Caña de azúcar, Caña dulc, Sp.; Tubo, Tag.; Sugar Cane, Eng.",241,247,0.95,OCR_NAME_MATCH_90_PERCENT_OR_BETTER,Gramineæ.,CANDIDATE_ABSENT_PUBLIC_CATALOG,Saccharum officinarum,4TWQL,EXACT,99,,,"Exact species-level backbone name match, absent from public 38-record snapshot. Not cleared for insertion, clinical use, photograph or full database uniqueness.",NOT_COMPLETED,NOT_COMPLETED,NOT_COMPLETED,https://api.gbif.org/v2/species/match?scientificName=Saccharum+officinarum&kingdom=Plantae&checklistKey=7ddf754f-d193-4cc9-b351-99906754a03b,"Saccharum officinarum, L."
220,Oriza,Oriza,GENUS_HEADING,"Arroz, Sp.; Palay, Tag. (the plant and the unhusked rice); Bigas, Tag. (the husked rice); Rice, Eng.",242,248,1.0,OCR_NAME_MATCH_90_PERCENT_OR_BETTER,Gramineæ.,HOLD_IDENTITY,Tracheophyta,TP,HIGHERRANK,80,,,"Oriza is a genus-only heading, not a species-level identification.",NOT_ASSESSED_FOR_ADDITION,NOT_ASSESSED_FOR_ADDITION,NOT_COMPLETED,https://api.gbif.org/v2/species/match?scientificName=Oriza&kingdom=Plantae&checklistKey=7ddf754f-d193-4cc9-b351-99906754a03b,"Oriza, L."
